Filename,Segment,WC,Analytic,Clout,Authentic,Tone,WPS,Sixltr,Dic,function,pronoun,ppron,i,we,you,shehe,they,ipron,article,prep,auxverb,adverb,conj,negate,verb,adj,compare,interrog,number,quant,affect,posemo,negemo,anx,anger,sad,social,family,friend,female,male,cogproc,insight,cause,discrep,tentat,certain,differ,percept,see,hear,feel,bio,body,health,sexual,ingest,drives,affiliation,achieve,power,reward,risk,focuspast,focuspresent,focusfuture,relativ,motion,space,time,work,leisure,home,money,relig,death,informal,swear,netspeak,assent,nonflu,filler,AllPunc,Period,Comma,Colon,SemiC,QMark,Exclam,Dash,Quote,Apostro,Parenth,OtherP
20171213.I built an acoustic LEVITATOR! Making liquid float on air.ABjRnSYw-4k.en.txt,1,1712,49.44,76.38,40.57,62.33,1712.00,18.63,85.16,56.48,16.41,8.29,2.16,1.64,3.10,0.06,1.34,8.12,7.36,12.73,10.75,5.67,7.13,1.29,17.35,3.56,1.81,1.46,1.75,2.28,3.56,2.69,0.76,0.23,0.12,0.06,9.81,0.18,0.06,0.06,0.12,13.20,2.10,2.28,1.99,3.15,1.58,3.91,2.51,0.93,0.99,0.41,0.47,0.18,0.06,0.00,0.23,6.66,2.34,2.10,1.17,1.46,0.29,2.22,13.84,1.23,13.43,3.15,8.06,2.51,2.39,1.05,0.70,0.00,0.06,0.00,1.23,0.00,0.41,0.58,0.18,0.00,3.68,0.12,0.06,0.12,0.00,0.00,0.00,0.12,0.00,3.04,0.00,0.23
"20190606.Experiments with $100,000+ Speakers.wqH1F96OBWo.en.txt",1,1376,60.31,60.89,40.45,53.07,1376.00,16.06,84.59,54.87,15.19,7.70,2.91,1.31,2.69,0.00,0.80,7.49,8.14,13.88,9.23,6.25,6.83,1.82,17.01,3.56,2.40,2.11,2.25,1.96,3.63,2.54,1.09,0.22,0.15,0.36,6.90,0.00,0.22,0.22,0.15,11.63,2.69,1.82,1.67,2.25,1.09,3.42,6.90,1.74,3.85,1.16,2.11,1.45,0.22,0.00,0.36,5.52,1.53,1.60,1.89,0.80,0.29,3.78,11.12,1.67,12.21,2.62,7.27,2.54,1.31,2.11,0.29,0.00,0.00,0.00,1.31,0.00,0.65,0.36,0.15,0.07,3.63,0.00,0.00,0.15,0.00,0.00,0.00,0.07,0.00,3.12,0.00,0.29
20201112.Work and Energy - Physics 101 _ AP Physics 1 Review with Dianna Cowern.rKwK06stPS8.en.txt,1,4479,48.36,66.67,53.48,80.11,1119.75,13.80,84.66,53.74,14.85,8.15,2.97,2.61,1.41,0.78,0.38,6.68,7.48,11.99,8.55,7.86,8.91,0.83,15.78,3.64,2.32,1.76,2.99,2.21,5.18,4.09,1.09,0.13,0.09,0.22,6.72,0.00,0.09,0.65,0.18,12.21,2.28,3.33,1.59,2.79,1.14,2.63,1.54,0.78,0.38,0.22,0.27,0.13,0.00,0.00,0.09,9.69,2.92,2.59,2.34,1.27,0.80,2.32,13.46,2.05,16.01,3.66,8.19,4.51,2.66,0.51,0.00,0.09,0.04,0.00,0.65,0.00,0.16,0.22,0.25,0.00,3.80,0.07,0.00,0.04,0.00,0.00,0.00,0.04,0.00,3.55,0.00,0.09
20180418.Are machines better at quantum physics than humans.2cXHwkQqgU8.en.txt,1,1463,41.79,79.59,35.66,62.07,1463.00,19.34,84.62,56.05,18.73,9.98,2.39,1.50,4.03,0.21,1.85,8.75,6.15,12.85,8.89,5.67,8.41,1.16,16.47,4.03,1.78,1.85,0.82,2.39,4.51,3.21,1.30,0.00,0.21,0.34,10.12,0.00,0.07,0.14,0.34,13.74,3.42,2.19,2.53,3.14,1.09,3.83,3.28,2.39,0.48,0.41,1.16,0.48,0.14,0.07,0.21,6.36,2.12,1.03,1.57,1.50,0.68,1.78,12.78,1.50,11.89,1.57,7.11,2.94,2.94,1.64,0.48,0.07,0.00,0.62,2.26,0.00,0.27,1.64,0.27,0.00,4.31,0.00,0.00,0.14,0.00,0.00,0.00,0.34,0.00,3.55,0.00,0.27
20160524.How SMOOTHNESS of a  SOCCER BALL affects curve!.akjQbPKKD7I.en.txt,1,1174,80.43,69.54,53.67,54.64,1174.00,14.74,85.09,53.49,11.58,4.34,0.85,1.28,1.87,0.26,0.09,7.24,11.58,14.14,8.09,7.24,7.67,0.09,15.84,4.94,2.90,1.70,0.60,1.53,2.90,2.21,0.68,0.09,0.09,0.09,4.77,0.09,0.09,0.00,0.34,8.77,2.81,2.81,0.68,2.04,1.19,1.70,1.79,1.11,0.09,0.51,0.43,0.09,0.09,0.09,0.17,5.71,1.70,1.19,2.04,1.28,0.26,2.64,11.75,1.87,17.12,4.43,10.39,2.73,1.28,4.68,0.00,0.09,0.00,0.00,0.85,0.17,0.09,0.60,0.09,0.00,2.98,0.00,0.00,0.17,0.00,0.00,0.00,0.00,0.00,2.81,0.00,0.00
20180721.SUNSCREEN in UV.GRD-xvlhGMc.en.txt,1,2221,54.77,58.37,44.81,48.31,2221.00,17.42,84.60,55.29,16.21,7.20,2.93,0.95,2.16,0.09,1.08,9.00,6.89,13.82,9.37,6.48,6.98,0.95,17.51,4.64,3.83,2.30,1.76,2.48,3.20,2.21,0.99,0.09,0.05,0.14,6.84,0.00,0.18,0.14,0.32,14.14,3.96,2.66,1.22,2.57,0.86,3.96,5.27,3.60,0.77,0.86,1.98,0.90,1.04,0.05,0.05,4.91,1.04,0.72,1.71,1.13,0.72,3.20,12.34,0.77,10.67,1.35,5.99,3.42,1.58,1.04,0.18,0.14,0.05,0.00,1.98,0.00,0.36,0.99,0.41,0.14,4.01,0.09,0.00,0.09,0.00,0.00,0.00,0.14,0.00,3.33,0.00,0.36
20150818.How to Make a Hurricane on a Bubble.nXDKCm2dfMs.en.txt,1,590,79.68,65.18,41.19,73.27,590.00,21.53,78.47,52.88,10.68,5.08,1.02,0.85,2.03,0.00,1.19,5.59,9.83,14.92,5.59,7.97,8.81,1.02,12.37,6.61,3.56,1.86,1.69,1.02,4.24,3.39,0.85,0.00,0.17,0.17,5.42,0.00,0.00,0.00,0.00,10.00,1.19,3.39,1.02,2.20,0.68,2.37,1.36,0.34,0.17,0.85,1.19,0.00,0.17,0.00,0.85,5.08,1.19,1.36,1.69,1.19,0.51,2.03,8.47,1.69,16.10,2.71,9.66,4.07,2.20,1.02,0.34,0.17,0.00,0.34,0.68,0.00,0.17,0.17,0.34,0.00,2.88,0.00,0.00,0.34,0.00,0.00,0.00,0.00,0.00,2.54,0.00,0.00
20140923.Cosmic Inflation with Alan Guth _ EXPERT ANSWERS PHYSICS GIRL QUESTIONS.Vn985KyDpb8.en.txt,1,597,52.91,28.45,54.05,72.78,298.50,19.93,89.61,59.13,16.08,7.87,6.03,0.17,0.00,1.17,0.50,8.21,7.04,15.41,9.72,8.38,6.70,1.51,17.59,5.86,3.52,1.51,2.18,2.18,4.36,3.35,0.84,0.17,0.34,0.17,5.70,0.00,0.00,0.00,1.17,17.42,4.69,2.18,2.01,4.86,1.34,4.02,2.35,0.84,0.50,0.84,0.17,0.00,0.17,0.00,0.00,7.54,0.67,2.18,3.18,2.51,0.17,3.69,11.06,0.67,10.05,1.17,3.85,5.03,3.52,0.50,0.00,0.00,0.17,0.00,0.50,0.00,0.17,0.00,0.50,0.00,3.18,0.34,0.00,0.34,0.00,0.00,0.00,0.00,0.00,2.51,0.00,0.00
20200922.Newton's Laws of Motion - Physics 101 _ AP Physics 1 Review - Dianna Cowern.qgIm96-WkwY.en.txt,1,4052,58.22,68.30,60.56,34.33,1013.00,14.39,83.39,53.83,14.04,6.98,1.80,2.22,2.07,0.27,0.62,7.06,8.84,12.17,9.01,7.03,8.00,0.96,16.24,4.44,2.76,1.78,4.12,2.30,2.52,1.51,1.01,0.25,0.17,0.10,7.16,0.20,0.05,0.30,0.15,13.65,2.47,3.80,1.75,2.64,1.28,3.92,1.51,0.59,0.22,0.52,0.47,0.22,0.10,0.00,0.17,8.96,2.44,0.79,4.71,0.74,0.47,2.05,11.72,1.38,16.44,4.22,8.74,4.10,1.83,0.72,0.02,0.00,0.00,0.02,0.67,0.00,0.12,0.25,0.22,0.02,4.59,0.07,0.00,0.05,0.00,0.00,0.00,0.12,0.00,4.24,0.00,0.10
20160427.How science explains monster waves.8Zpi9V0_5tw.en.txt,1,1025,72.25,71.43,51.14,55.18,1025.00,17.95,80.39,47.02,10.83,4.59,0.20,0.68,2.44,0.00,1.27,6.24,5.95,14.05,7.12,5.85,7.61,1.27,13.66,7.90,4.00,1.46,3.32,3.80,3.12,2.34,0.78,0.10,0.00,0.10,6.73,0.00,0.00,0.29,0.00,12.49,3.02,2.24,1.66,2.63,1.66,2.73,2.15,0.88,0.59,0.39,0.78,0.20,0.10,0.00,0.49,4.88,1.07,0.78,1.37,1.46,0.39,2.34,9.37,1.07,16.88,3.12,8.68,4.88,1.76,0.49,0.10,0.10,0.00,0.10,0.59,0.00,0.00,0.10,0.49,0.00,2.63,0.20,0.00,0.20,0.00,0.00,0.00,0.20,0.00,2.05,0.00,0.00
20151006.Does this look white to you.uNOKWoDtbSk.en.txt,1,880,18.90,80.29,15.86,40.03,880.00,7.73,91.93,52.61,17.95,9.43,1.93,0.23,6.82,0.00,0.45,8.52,5.23,7.73,10.34,6.70,9.66,1.59,19.89,10.00,1.82,2.50,1.14,2.05,3.07,1.93,1.14,0.11,0.45,0.00,9.89,0.00,0.00,0.00,0.00,13.18,2.27,2.05,2.73,3.41,1.25,4.89,20.91,20.23,0.45,0.11,1.82,1.82,0.00,0.00,0.00,3.30,0.57,0.91,0.57,1.02,0.23,1.59,14.32,2.05,8.64,1.82,3.98,3.07,1.02,0.11,0.00,0.00,0.00,0.00,1.82,0.00,0.57,0.45,0.80,0.00,5.23,0.00,0.00,0.23,0.00,0.00,0.00,0.00,0.00,5.00,0.00,0.00
"20131216.Science Outreach Resources, Channel Update, and 1000 Subscriber celebration!.oa7teFM0Tpo.en.txt",1,240,24.93,86.98,48.89,96.76,240.00,21.67,92.50,55.83,16.67,14.17,5.42,0.42,6.25,1.67,0.42,2.50,5.83,10.83,12.50,7.08,8.75,2.08,20.00,1.67,0.83,0.42,1.25,2.08,5.00,5.00,0.00,0.00,0.00,0.00,17.08,0.00,0.00,2.92,0.00,12.50,1.25,2.08,2.50,4.17,1.67,5.00,1.67,1.25,0.00,0.42,1.67,0.00,0.42,0.00,0.42,6.67,3.33,1.67,1.25,0.83,0.00,4.58,14.58,0.83,13.33,1.67,7.50,3.75,7.92,4.58,0.42,0.00,0.00,0.00,2.50,0.00,0.42,0.42,0.83,0.42,6.67,0.00,0.00,0.83,0.00,0.00,0.00,0.00,0.00,5.83,0.00,0.00
20151222.5 physics experiments for the holidays!.SwTiPRpjtNk.en.txt,1,394,95.31,70.31,48.75,30.03,394.00,14.97,78.93,49.24,9.39,4.31,0.00,0.25,3.05,0.00,1.02,5.08,12.94,15.23,4.57,3.81,7.36,0.51,11.17,4.31,2.54,1.02,1.27,2.79,3.81,2.03,1.78,0.00,0.51,0.51,5.33,0.00,0.25,0.00,0.00,8.88,0.51,2.54,1.02,2.54,0.51,2.79,3.55,1.52,0.51,1.52,3.05,0.25,0.25,0.00,2.28,6.09,0.76,1.52,2.54,1.27,0.25,0.76,7.61,2.28,18.53,3.55,11.17,4.57,0.76,2.03,1.02,0.00,0.25,0.00,0.51,0.00,0.25,0.00,0.25,0.00,3.05,0.00,0.00,0.51,0.00,0.00,0.00,0.51,0.00,2.03,0.00,0.00
20210127.Electric Charge and Light - Physics 101 _ AP Physics 1 Review with Dianna Cowern.RRC4Otb4kJk.en.txt,1,4633,60.86,63.68,47.85,52.06,4633.00,17.87,80.53,54.11,14.61,6.73,2.18,1.55,2.31,0.00,0.69,7.88,9.02,12.24,8.61,6.37,7.55,1.21,15.13,4.10,2.33,2.01,2.83,2.55,2.42,1.90,0.50,0.04,0.04,0.13,6.45,0.00,0.15,0.00,0.06,12.61,2.24,2.59,1.62,2.78,1.71,3.39,2.14,1.30,0.41,0.37,0.28,0.11,0.15,0.06,0.02,6.26,1.77,0.43,2.96,1.14,0.13,2.18,11.61,1.47,14.48,2.53,8.57,3.52,1.47,0.58,0.11,0.06,0.00,0.00,1.19,0.04,0.65,0.45,0.22,0.02,3.09,0.00,0.00,0.04,0.00,0.00,0.00,0.24,0.00,2.81,0.00,0.00
20190409.The HIDDEN Magnets in Your Phone ft. MKBHD.HodWkE0G28M.en.txt,1,1301,42.29,67.48,43.78,70.60,1301.00,11.99,86.40,55.65,17.29,8.53,2.92,0.46,3.46,0.00,1.69,8.76,7.38,12.07,8.99,8.38,7.07,1.38,17.22,4.53,3.31,2.54,1.61,2.31,3.92,3.15,0.77,0.15,0.15,0.08,8.07,0.00,0.15,0.23,0.23,11.99,2.54,2.46,1.31,2.46,1.15,3.15,4.30,2.61,0.92,0.46,0.31,0.00,0.15,0.00,0.08,4.38,0.61,0.54,2.00,1.46,0.00,2.38,12.61,1.38,12.76,1.54,8.92,2.61,2.15,0.77,0.15,0.38,0.00,0.00,3.23,0.00,0.61,1.84,0.92,0.08,4.69,0.00,0.00,0.15,0.00,0.00,0.00,0.23,0.00,4.00,0.00,0.31
20170316.Why Hawaii's volcano is so UNUSUAL.k0tnqPmwWvk.en.txt,1,1498,53.21,75.63,36.26,48.03,1498.00,15.89,82.04,55.67,15.35,5.81,1.07,1.60,2.40,0.00,0.73,9.55,9.15,12.22,9.81,6.48,8.81,0.73,16.89,4.81,3.27,1.94,1.34,2.07,2.40,1.80,0.60,0.07,0.20,0.07,6.81,0.07,0.07,0.07,0.07,10.15,2.34,1.54,1.34,3.00,1.00,2.07,2.67,1.27,0.20,1.13,0.47,0.27,0.00,0.00,0.13,5.21,2.00,0.20,2.34,0.67,0.07,2.67,11.82,1.20,14.75,2.00,9.41,3.40,0.80,1.27,0.13,0.00,0.00,0.13,1.67,0.00,0.00,1.27,0.40,0.00,4.74,0.00,0.00,0.13,0.00,0.00,0.00,0.07,0.00,4.27,0.00,0.27
20161110.Can explosions work in space.5eW1ah2ah0o.en.txt,1,935,64.01,62.59,62.36,11.81,935.00,19.25,83.74,53.05,12.51,5.56,0.53,0.86,3.42,0.00,0.75,6.95,7.91,13.90,9.09,5.88,7.91,2.35,15.83,6.10,3.21,1.93,1.07,2.78,5.78,2.35,3.42,0.53,1.50,0.53,7.27,0.00,0.00,0.11,0.00,11.87,1.07,1.71,2.03,3.10,0.75,5.45,3.42,0.64,1.82,0.75,0.32,0.21,0.00,0.00,0.11,7.17,1.18,1.60,3.42,1.50,0.21,1.50,11.66,1.28,17.86,4.28,10.91,3.10,0.75,0.64,0.11,0.11,0.00,0.11,0.96,0.00,0.21,0.32,0.21,0.11,5.35,0.00,0.00,0.21,0.00,0.00,0.00,0.43,0.00,4.49,0.00,0.21
20171013.Can you solve the MAGNET RIDDLE ft YouTube CEO Susan Wojcicki.oq6HFcFS2IE.en.txt,1,1475,33.15,68.72,59.48,90.58,1475.00,10.44,92.54,60.27,19.80,12.41,5.56,1.15,3.66,0.68,1.36,7.39,5.90,13.22,10.85,7.05,6.98,1.49,18.58,2.64,2.64,1.42,1.36,3.05,4.75,4.34,0.41,0.00,0.20,0.00,10.51,0.81,0.00,1.29,0.27,13.22,2.85,1.49,2.17,3.19,1.42,3.39,2.58,1.29,0.54,0.75,0.95,0.20,0.07,0.00,0.61,5.15,2.10,1.02,1.42,1.22,0.00,2.58,13.83,1.15,13.49,2.44,8.14,2.71,1.63,1.15,0.41,0.07,0.00,0.00,4.41,0.00,0.47,3.46,0.75,0.00,4.20,0.00,0.00,0.14,0.00,0.00,0.00,0.20,0.00,3.59,0.00,0.27
20140606.What is Dark Matter A Mystery of the Universe.XCwWxrx1SIU.en.txt,1,1026,29.57,82.03,32.20,29.02,1026.00,14.42,85.96,57.31,15.98,7.89,1.07,3.22,2.44,0.29,0.88,8.09,7.50,10.43,11.79,8.28,7.89,2.44,19.10,4.48,2.34,3.22,1.56,3.22,4.29,2.24,2.05,0.00,0.19,0.49,10.53,0.00,0.19,0.19,0.29,15.20,2.92,2.73,2.05,4.39,1.85,3.51,5.75,5.56,0.10,0.00,0.39,0.00,0.29,0.00,0.10,7.80,4.39,0.39,2.53,0.29,0.29,1.75,14.72,2.73,13.06,2.34,7.60,3.61,0.49,0.29,0.00,0.10,0.10,0.00,1.66,0.00,0.58,0.29,0.88,0.00,5.65,0.00,0.00,0.19,0.00,0.00,0.00,0.19,0.00,4.68,0.00,0.58
20190308.What is a Black Hole - Stephen Hawking's final theory.SdySHadrYAA.en.txt,1,1417,57.96,65.38,66.59,45.20,1417.00,18.49,85.67,53.21,14.18,6.49,0.92,0.99,2.40,1.06,1.13,7.69,8.19,12.84,9.10,6.70,7.34,1.83,17.01,5.58,2.82,1.76,0.56,1.41,3.46,2.26,1.20,0.00,0.56,0.28,7.48,0.00,0.00,0.14,1.20,14.04,3.39,1.91,1.06,3.67,1.83,4.09,4.80,3.25,0.49,0.85,0.49,0.35,0.14,0.00,0.00,5.58,1.20,1.13,2.19,1.20,0.35,2.12,11.86,1.76,17.29,2.96,10.66,3.81,2.40,0.42,0.14,0.21,0.00,0.14,0.92,0.07,0.49,0.07,0.28,0.00,4.45,0.00,0.00,0.14,0.00,0.00,0.00,0.21,0.00,3.95,0.00,0.14
20170621.Strange Unexplained Cosmic Rays (ft PhD Comics).OHofLKUMlI8.en.txt,1,1246,59.52,62.59,48.04,68.20,1246.00,17.82,83.71,54.41,15.81,7.30,3.13,1.61,1.20,0.00,1.36,8.51,7.54,13.64,9.15,6.50,5.86,1.44,16.29,3.61,2.73,1.85,2.01,1.69,3.69,2.97,0.72,0.08,0.00,0.08,6.74,0.16,0.00,0.00,0.24,12.52,3.21,1.93,1.28,4.17,1.12,1.77,2.89,2.01,0.56,0.40,0.48,0.08,0.00,0.00,0.40,5.62,1.85,0.80,2.33,1.12,0.08,4.57,9.71,0.96,13.88,1.93,8.27,4.09,0.80,0.64,0.08,0.16,0.64,0.00,1.20,0.00,0.08,0.32,0.80,0.00,4.09,0.00,0.00,0.16,0.00,0.00,0.00,0.24,0.00,3.45,0.00,0.24
20200904.I WAS THERE! How David Blaine flew helium balloons to the height of jets (and jumped).sMowoWNX8iY.en.txt,1,2020,57.06,63.18,41.77,31.69,1010.00,17.67,83.91,54.65,13.71,7.43,2.52,0.79,2.33,0.99,0.79,6.24,6.53,15.10,9.55,7.33,8.17,1.34,17.48,4.41,3.12,1.88,5.00,1.88,3.22,1.78,1.44,0.69,0.00,0.35,7.03,0.00,0.10,0.05,1.09,11.24,2.23,2.03,1.93,2.57,0.94,2.92,2.03,0.79,0.35,0.64,3.47,2.67,0.64,0.00,0.20,7.08,1.09,1.29,3.37,1.73,0.35,3.81,11.83,1.49,15.00,2.48,9.55,3.76,1.09,0.30,0.10,0.20,0.05,0.30,0.99,0.00,0.15,0.54,0.20,0.10,4.01,0.05,0.00,0.10,0.00,0.00,0.00,0.10,0.00,3.66,0.00,0.10
20191114.Why This Stuff Costs $2700 Trillion Per Gram - Antimatter at CERN.PCuyCJocJWg.en.txt,1,1846,48.41,76.77,25.00,64.79,1846.00,20.21,83.42,54.98,15.66,7.10,1.19,1.95,2.33,0.11,1.52,8.56,7.15,12.95,9.48,7.20,8.07,1.19,16.96,4.77,2.38,2.38,1.73,2.22,3.47,2.76,0.70,0.00,0.16,0.00,8.61,0.11,0.33,0.33,0.33,12.30,2.11,3.03,1.63,2.93,1.19,3.20,2.65,1.63,0.65,0.33,0.11,0.11,0.00,0.00,0.00,6.88,2.49,1.95,1.52,0.92,0.27,2.38,12.78,1.25,12.19,1.84,7.75,2.71,2.17,0.38,0.16,0.65,0.11,0.00,1.46,0.00,0.27,0.54,0.60,0.00,4.39,0.00,0.00,0.11,0.00,0.00,0.00,0.16,0.00,3.90,0.00,0.22
20170203.Can you solve the burning stick riddle ft Simone Giertz part 3_3.VvqajwOOmpM.en.txt,1,1382,36.56,74.27,53.75,71.90,1382.00,11.22,90.52,58.90,19.97,11.22,4.20,1.01,5.28,0.00,0.72,8.76,8.25,11.72,9.99,6.22,8.10,1.45,18.45,4.63,3.69,1.88,2.32,2.82,4.12,3.26,0.80,0.22,0.00,0.22,9.26,0.07,0.07,0.29,0.00,13.02,3.11,2.46,2.53,2.82,1.16,3.40,2.39,0.65,0.29,1.30,2.17,0.36,0.07,0.00,1.59,5.86,1.59,1.01,1.95,1.59,0.22,2.10,12.88,1.66,13.39,2.17,7.09,4.49,1.16,1.37,0.07,0.29,0.00,0.07,2.75,0.00,0.43,1.74,0.87,0.00,5.21,0.00,0.00,0.14,0.00,0.00,0.00,0.36,0.00,4.56,0.00,0.14
20200506.'Of course it's scary.' - Candid Interview with COVID-19 ER Nurse and Epidemiologist.ZTbW5rVkf1g.en.txt,1,3814,36.23,73.54,37.65,45.01,3814.00,18.98,88.57,57.47,16.12,8.47,2.41,1.91,2.07,1.10,0.97,7.66,6.48,12.48,11.14,8.15,7.84,1.57,19.74,4.27,2.62,2.86,1.36,2.62,4.06,2.52,1.47,0.45,0.00,0.18,10.80,0.08,0.24,1.07,0.16,15.21,3.43,2.86,1.28,3.20,1.57,4.51,2.12,0.79,0.39,0.76,3.25,0.76,2.28,0.00,0.18,6.42,2.62,0.94,0.89,1.28,0.89,4.85,13.84,1.26,11.14,2.12,5.03,4.30,2.83,0.31,0.42,0.05,0.03,0.21,1.02,0.00,0.10,0.63,0.26,0.00,3.85,0.05,0.00,0.08,0.00,0.00,0.00,0.24,0.00,3.43,0.00,0.05
20200207.How rainbows with NO COLOR are possible.qJuhi6zn1ZY.en.txt,1,1530,69.55,52.88,58.48,61.72,1530.00,19.22,82.94,52.61,12.09,4.71,2.03,0.65,1.37,0.00,0.65,7.39,8.30,14.18,7.52,7.06,8.69,0.92,14.90,6.14,3.27,2.68,1.96,2.81,3.07,2.48,0.59,0.13,0.00,0.07,5.42,0.07,0.13,0.20,0.07,11.05,1.37,1.83,0.78,2.94,1.37,3.79,6.47,5.95,0.20,0.20,1.44,0.13,0.00,0.00,1.11,5.10,1.18,0.39,2.16,1.70,0.00,2.88,10.00,1.24,15.88,2.75,9.61,4.05,0.72,0.39,0.13,0.00,0.00,0.00,1.11,0.00,0.46,0.46,0.13,0.00,3.20,0.00,0.07,0.13,0.00,0.00,0.00,0.07,0.00,2.68,0.00,0.26
20200729.38 People on this Flight Got Sick. Why - The Science of Ventilation.NUCru4p15-4.en.txt,1,2594,69.42,74.90,53.15,50.99,1297.00,19.74,83.27,51.81,11.41,5.78,1.04,1.16,2.81,0.15,0.62,5.63,8.21,13.84,8.52,7.02,8.25,0.69,15.00,5.01,3.16,1.93,2.62,2.51,2.81,2.08,0.73,0.12,0.08,0.12,7.25,0.00,0.15,0.27,0.04,10.64,2.47,1.89,1.12,2.51,1.31,2.74,1.50,0.46,0.35,0.58,3.82,0.81,2.93,0.08,0.08,5.24,1.54,0.62,1.66,1.12,0.58,2.70,10.72,1.62,16.50,2.58,9.91,4.39,3.01,0.89,0.50,0.27,0.04,0.04,0.85,0.04,0.19,0.08,0.39,0.00,3.05,0.04,0.00,0.08,0.00,0.00,0.00,0.12,0.00,2.74,0.00,0.08
20170830.5 LIFE HACKS BASED ON SCIENCE.buVUvnM_AzU.en.txt,1,1038,56.14,70.53,69.07,39.55,1038.00,16.38,86.13,54.34,15.32,9.44,3.37,0.19,4.72,0.00,1.16,5.88,7.71,13.20,8.19,6.45,8.48,1.25,15.90,3.47,2.02,1.35,1.16,2.12,3.66,2.22,1.45,0.10,0.67,0.48,9.34,0.00,0.39,0.10,0.39,12.91,2.70,3.28,0.77,2.99,0.67,4.24,5.20,2.22,0.67,1.64,2.12,0.29,0.96,0.00,0.87,5.01,0.67,1.16,1.45,1.54,0.39,2.12,11.37,1.35,14.45,3.85,7.80,2.99,2.02,1.25,0.48,0.39,0.00,0.00,1.35,0.00,0.67,0.29,0.39,0.00,4.24,0.00,0.00,0.19,0.00,0.00,0.00,0.39,0.00,3.28,0.00,0.39
20150714.New Horizons first probe to reach pluto!.pWoUlzQvrxw.en.txt,1,956,76.41,68.84,65.10,47.01,956.00,14.85,78.14,49.48,10.56,4.18,0.42,2.72,0.73,0.00,0.31,6.38,8.89,13.08,8.37,6.49,6.49,0.94,14.33,6.07,3.24,1.78,4.71,3.24,1.99,1.57,0.42,0.10,0.00,0.10,5.33,0.00,0.21,0.00,0.10,9.62,1.67,1.88,0.94,2.41,1.88,2.41,3.24,3.03,0.10,0.10,0.73,0.52,0.00,0.00,0.21,7.43,2.93,1.26,1.15,2.09,0.10,3.87,8.58,1.78,19.77,3.14,8.79,7.95,0.52,0.42,0.00,0.00,0.10,0.00,0.73,0.10,0.10,0.10,0.42,0.00,4.18,0.00,0.10,0.21,0.00,0.00,0.00,0.21,0.00,3.66,0.00,0.00
20161201.Impossbile Zero G Skyscraper.ksmRZozo3jQ.en.txt,1,1307,69.01,78.02,77.22,37.97,1307.00,17.44,86.07,56.16,13.70,6.81,0.61,1.22,4.67,0.15,0.15,6.81,8.88,15.84,8.88,7.04,8.03,1.07,15.38,5.51,4.36,1.68,4.21,1.45,2.52,1.61,0.92,0.00,0.08,0.00,7.65,0.00,0.08,0.08,0.15,13.16,2.75,2.52,2.52,2.60,0.69,4.13,2.37,1.38,0.15,0.92,0.38,0.15,0.23,0.00,0.00,6.20,1.45,0.84,3.44,0.77,0.15,1.15,10.48,1.22,20.66,4.44,12.85,3.52,0.92,0.54,0.15,0.38,0.00,0.00,0.61,0.00,0.08,0.23,0.31,0.00,4.82,0.00,0.00,0.15,0.00,0.00,0.00,0.46,0.00,3.67,0.00,0.54
20180531.Why this trick should be IMPOSSIBLE ft. Rodney Mullen - Skateboarding Science.yFRPhi0jhGc.en.txt,1,13,65.46,77.92,1.00,99.00,13.00,23.08,84.62,15.38,7.69,0.00,0.00,0.00,0.00,0.00,0.00,7.69,0.00,0.00,7.69,0.00,0.00,0.00,7.69,0.00,0.00,0.00,0.00,0.00,15.38,15.38,0.00,0.00,0.00,0.00,7.69,0.00,0.00,0.00,0.00,0.00,0.00,0.00,0.00,0.00,0.00,0.00,46.15,0.00,46.15,0.00,0.00,0.00,0.00,0.00,0.00,0.00,0.00,0.00,0.00,0.00,0.00,0.00,7.69,0.00,0.00,0.00,0.00,0.00,0.00,38.46,0.00,0.00,0.00,0.00,7.69,0.00,0.00,7.69,0.00,0.00,107.69,0.00,0.00,15.38,0.00,0.00,0.00,0.00,0.00,0.00,0.00,92.31
20181012.How Fluid Can Climb Upward! SLIME EXPERIMENT.Z99bsizp4bY.en.txt,1,1038,52.88,65.01,28.18,58.58,1038.00,13.39,83.72,54.91,17.63,6.26,2.02,0.87,2.99,0.00,0.39,11.37,8.09,13.29,8.38,5.49,8.86,0.96,17.53,3.76,3.08,2.12,1.06,2.70,3.08,2.41,0.67,0.29,0.39,0.00,7.61,0.00,0.29,0.29,0.00,12.62,1.35,2.79,2.50,3.66,1.45,4.43,3.08,1.73,0.39,0.96,1.73,0.29,0.00,0.00,1.35,5.49,1.64,1.54,1.45,1.06,0.00,2.02,12.81,1.54,12.24,4.05,6.36,2.12,1.73,0.96,0.48,0.29,0.00,0.00,1.25,0.19,0.48,0.29,0.00,0.00,5.59,0.00,0.00,0.19,0.00,0.00,0.00,0.77,0.00,4.14,0.00,0.48
20120310.Amusing Surface Tension Experiment.2F64qh9qPAI.en.txt,1,276,90.13,52.90,59.64,25.77,276.00,18.48,85.14,55.07,10.51,6.52,3.26,0.00,1.09,0.00,2.17,3.99,11.23,16.30,6.88,3.99,7.25,1.81,11.96,5.43,4.35,0.72,0.72,1.81,5.07,2.54,2.54,0.72,0.72,0.36,6.88,0.00,1.09,0.00,0.00,10.51,0.36,5.07,0.72,0.72,1.81,2.17,3.62,0.72,1.09,1.81,2.90,0.36,0.00,0.00,2.54,6.52,1.45,1.09,2.90,0.72,0.72,0.36,8.70,1.45,17.39,2.17,9.78,5.80,1.45,0.00,0.72,0.00,0.00,0.36,0.72,0.00,0.00,0.72,0.00,0.00,2.90,0.00,0.00,0.72,0.00,0.00,0.00,0.00,0.00,2.17,0.00,0.00
20201015.Circular Motion - Physics 101 _ AP Physics 1 Review with Dianna Cowern.cpy4V2Bk0jc.en.txt,1,4956,60.32,69.59,62.44,43.01,1239.00,13.68,84.06,55.29,14.87,7.55,2.34,1.96,2.87,0.14,0.24,7.32,9.56,12.67,8.41,6.07,9.04,1.13,17.15,3.73,2.36,1.55,1.80,2.14,2.20,1.57,0.63,0.14,0.04,0.06,6.82,0.04,0.02,0.12,0.08,11.40,2.04,3.01,2.16,2.80,0.97,3.05,2.64,1.59,0.42,0.59,0.40,0.14,0.10,0.00,0.14,7.55,2.18,0.73,3.27,1.27,0.34,2.78,11.97,2.24,17.78,4.42,9.91,3.77,1.65,0.75,0.08,0.42,0.00,0.02,1.43,0.00,0.87,0.40,0.14,0.00,4.48,0.06,0.00,0.04,0.00,0.00,0.00,0.14,0.00,4.16,0.00,0.08
20200121.This thing is -270°C and is EVERYWHERE.rut6fr28TlE.en.txt,1,1818,64.69,68.18,56.64,54.77,1818.00,18.26,84.27,55.78,13.04,4.84,0.55,2.15,1.16,0.00,0.99,8.20,9.68,13.04,9.57,7.32,7.59,0.88,15.18,5.06,2.42,2.31,1.60,2.42,2.64,2.09,0.55,0.17,0.00,0.00,6.11,0.00,0.00,0.11,0.00,11.94,2.70,2.26,1.54,2.53,1.65,3.14,4.13,2.59,0.72,0.77,0.44,0.17,0.11,0.00,0.11,5.94,2.53,1.05,1.49,1.21,0.11,4.68,9.85,0.83,17.16,1.49,10.51,5.28,0.88,0.88,0.88,0.11,0.00,0.00,0.83,0.11,0.11,0.28,0.22,0.00,2.75,0.00,0.17,0.11,0.00,0.00,0.00,0.11,0.00,2.26,0.00,0.11
20171227.SLOW MOTION SCIENCE!  Ferrofluid dropping on magnet.04v4qWVtdPs.en.txt,1,1405,67.87,66.54,47.60,75.88,1405.00,17.51,85.27,54.59,15.16,7.90,3.06,1.28,3.13,0.07,0.36,7.26,9.61,13.24,8.33,5.34,7.33,1.14,16.73,5.27,3.27,1.64,0.57,1.64,4.41,3.56,0.85,0.14,0.00,0.00,7.76,0.43,0.36,0.50,0.36,11.67,1.92,2.85,1.92,2.14,0.64,3.70,2.99,2.06,0.50,0.28,1.14,0.43,0.28,0.00,0.36,6.33,1.92,0.71,2.78,1.28,0.07,2.92,10.82,0.93,13.95,2.99,8.26,3.20,1.92,1.78,0.28,0.14,0.00,0.07,1.64,0.00,0.28,1.00,0.14,0.14,4.41,0.00,0.00,0.14,0.00,0.00,0.00,0.36,0.00,3.49,0.00,0.43
20170405.Oxygen is MAGNETIC!.pB-qAwkgfFQ.en.txt,1,1026,56.07,65.90,39.45,81.85,1026.00,17.84,79.34,53.31,14.62,7.89,2.53,1.27,3.02,0.00,1.07,6.73,6.82,13.55,8.87,7.99,6.24,1.46,14.81,4.58,1.75,2.14,1.17,2.73,4.68,3.90,0.78,0.39,0.00,0.10,7.21,0.00,0.10,0.19,0.19,10.62,1.85,2.73,1.07,2.24,1.17,3.31,2.73,1.27,0.29,0.97,1.17,0.49,0.19,0.00,0.49,5.56,1.66,0.97,2.24,0.78,0.10,2.53,11.60,1.46,12.77,1.75,7.70,3.90,1.27,1.17,0.00,0.00,0.00,0.00,1.75,0.10,0.10,1.17,0.49,0.00,4.29,0.00,0.00,0.19,0.00,0.00,0.00,0.10,0.00,3.61,0.00,0.39
20191004.World’s Largest Camera Lens.33UMkPe93Ko.en.txt,1,1759,65.26,72.84,26.78,71.64,1759.00,15.58,84.82,56.00,13.53,6.42,1.31,1.82,2.50,0.00,0.80,7.11,9.44,13.47,10.12,6.37,7.16,1.19,18.25,4.49,2.44,1.71,1.71,3.18,3.13,2.79,0.34,0.06,0.06,0.11,7.28,0.00,0.06,0.06,0.06,10.97,1.19,1.88,1.36,2.50,2.27,3.01,5.34,4.60,0.40,0.23,0.57,0.51,0.00,0.00,0.06,6.20,1.99,0.97,1.48,1.99,0.28,3.24,12.56,1.99,13.13,1.59,7.56,4.04,1.19,0.74,0.40,0.11,0.00,0.06,1.19,0.00,0.28,0.45,0.34,0.00,4.09,0.00,0.00,0.11,0.00,0.00,0.00,0.40,0.00,3.35,0.00,0.23
20141217.Fun with Vortex Rings in the Pool.72LWr7BU8Ao.en.txt,1,581,72.12,43.16,54.56,83.78,581.00,11.70,88.98,56.28,14.29,7.40,3.61,0.86,1.20,0.00,1.72,6.88,11.88,13.08,8.61,6.20,7.06,1.55,18.07,6.71,4.13,1.38,2.07,2.58,4.99,4.13,0.86,0.34,0.34,0.00,4.99,0.00,0.00,0.00,0.00,11.70,2.07,1.38,1.38,3.96,0.86,3.61,6.02,5.34,0.34,0.34,0.86,0.17,0.00,0.00,0.69,4.30,1.20,1.72,1.03,1.20,0.00,2.58,12.74,1.72,13.77,3.27,8.09,3.27,0.17,2.07,0.00,0.00,0.00,1.20,1.20,0.00,0.34,0.52,0.34,0.00,4.65,0.00,0.00,0.34,0.00,0.00,0.00,0.17,0.00,4.13,0.00,0.00
20201219.Rotation and Torque - Physics 101 _ AP Physics 1 Review with Dianna Cowern.D3_0vHJVHHo.en.txt,1,4142,54.38,58.50,72.58,35.47,4142.00,14.92,83.34,54.08,15.09,8.04,3.43,2.32,1.71,0.17,0.41,7.03,7.80,12.96,8.38,7.51,8.40,0.80,15.69,3.40,1.98,1.93,4.23,1.55,2.70,1.62,1.06,0.12,0.43,0.02,5.82,0.05,0.07,0.19,0.00,11.85,2.54,3.24,1.86,2.22,1.01,3.07,1.33,0.46,0.14,0.68,0.94,0.39,0.02,0.41,0.12,7.29,2.58,0.89,2.85,0.89,0.29,1.21,12.96,1.28,17.60,4.23,9.66,3.98,1.67,0.31,0.29,0.02,0.02,0.00,1.30,0.41,0.48,0.22,0.14,0.00,4.47,0.00,0.00,0.05,0.00,0.00,0.00,0.31,0.00,4.01,0.00,0.10
20170802.Can you guess this note Perfect Pitch and Physics.-65FMJTKGLs.en.txt,1,1314,44.45,50.30,63.43,74.02,1314.00,15.07,87.67,55.78,18.65,8.98,4.72,0.53,2.51,0.61,0.61,9.67,6.70,12.86,10.27,5.40,7.00,1.14,16.36,6.32,4.19,1.90,0.68,1.98,5.18,3.88,1.29,0.53,0.15,0.46,7.53,0.15,0.15,0.68,0.15,16.06,3.65,1.60,1.07,3.35,3.04,4.64,5.10,1.37,2.82,0.68,0.76,0.30,0.30,0.00,0.15,6.54,1.07,1.45,2.28,2.05,0.15,3.04,14.00,0.84,11.72,1.37,6.77,3.42,0.91,2.51,0.08,0.00,0.08,0.00,1.45,0.00,0.30,0.53,0.61,0.00,5.33,0.00,0.00,0.15,0.00,0.00,0.00,0.38,0.00,4.49,0.00,0.30
"20210130.Circuits, Voltage, Resistance, Current - Physics 101 _ AP Physics Review with Dianna Cowern.q8X2gcPVwO0.en.txt",1,5205,50.85,58.43,47.05,79.92,5205.00,17.14,83.94,54.93,15.31,7.42,3.07,2.29,1.48,0.00,0.58,7.88,8.20,12.16,8.80,7.11,8.91,0.88,15.75,3.77,3.19,1.69,2.46,2.86,3.75,3.36,0.38,0.08,0.00,0.17,5.71,0.00,0.06,0.02,0.00,12.80,1.88,2.63,2.02,3.86,0.98,3.38,1.65,0.94,0.31,0.37,0.06,0.00,0.02,0.00,0.02,8.82,2.52,2.27,2.67,1.40,0.19,1.63,13.78,2.71,14.24,3.25,6.80,4.46,2.11,0.50,0.04,0.17,0.00,0.02,0.83,0.00,0.27,0.33,0.17,0.04,3.59,0.00,0.00,0.04,0.00,0.00,0.00,0.10,0.00,3.34,0.00,0.12
20150522.Seeing the Smallest Thing in the Universe.6IeeshkVATY.en.txt,1,1017,63.48,72.56,38.03,57.38,1017.00,19.86,82.60,54.38,15.44,6.00,0.59,2.75,1.57,0.00,1.08,9.44,6.59,15.63,9.34,4.72,7.37,1.47,14.95,7.87,6.19,1.77,3.83,1.67,2.46,2.06,0.39,0.00,0.00,0.10,6.39,0.00,0.00,0.00,0.00,11.01,2.06,2.36,1.08,2.95,1.38,2.65,4.82,4.72,0.00,0.10,0.29,0.10,0.10,0.00,0.10,9.14,3.24,2.06,3.15,0.69,0.10,2.56,11.01,0.88,14.95,1.97,10.62,2.75,1.38,0.00,0.00,0.20,0.00,0.00,0.79,0.00,0.00,0.29,0.49,0.00,3.74,0.00,0.10,0.20,0.00,0.00,0.00,0.29,0.00,3.15,0.00,0.00
20170525.SPOOL RIDDLE - Which way will it roll.DkkqhzatasI.en.txt,1,655,41.47,78.64,98.07,74.15,655.00,9.16,93.44,56.49,15.42,9.16,2.60,0.46,4.89,1.22,0.00,5.95,10.38,10.69,9.92,9.47,9.62,0.61,19.39,3.66,3.05,2.29,1.22,1.37,4.43,3.51,0.92,0.00,0.31,0.31,8.70,0.00,0.00,1.37,0.00,9.01,2.29,1.07,1.68,2.60,1.53,2.90,1.83,1.07,0.31,0.46,0.00,0.00,0.00,0.00,0.00,3.82,0.92,0.31,1.07,1.37,0.15,1.83,14.81,3.36,28.55,6.41,16.03,6.87,0.61,0.61,0.00,0.15,0.00,0.00,5.04,0.00,1.07,2.90,1.22,0.00,6.41,0.00,0.00,0.31,0.00,0.00,0.00,0.00,0.00,5.50,0.00,0.61
20190621.5 SCARY Physics Experiments!.Wea7Gc-b0EA.en.txt,1,1137,56.29,68.25,49.55,68.91,1137.00,13.90,86.46,54.71,17.15,10.29,4.05,1.41,2.90,1.14,0.79,6.86,6.77,14.07,8.18,6.68,6.42,1.14,16.62,4.22,2.64,1.23,1.32,2.20,4.75,3.52,1.23,0.35,0.09,0.09,8.62,0.00,0.26,1.67,0.26,10.03,1.58,1.93,1.32,2.55,1.14,2.99,5.98,2.46,1.67,1.85,1.50,0.97,0.18,0.00,0.26,5.54,1.76,1.14,1.32,1.14,0.26,2.90,11.08,1.32,14.78,2.90,8.80,3.61,1.85,1.76,0.09,0.09,0.09,0.00,2.46,0.00,0.26,1.50,0.79,0.00,5.80,0.09,0.00,0.18,0.00,0.00,0.00,0.35,0.00,4.22,0.00,0.97
20201029.Gravity and Orbital Mechanics - Physics 101 _ AP Physics 1 Review with Dianna Cowern.IjqKcGK-ccY.en.txt,1,4509,64.92,76.11,57.50,47.51,1503.00,15.81,81.70,54.38,14.46,6.37,0.91,2.91,1.91,0.07,0.58,8.09,8.72,13.99,8.03,6.68,8.23,0.91,14.75,3.95,2.51,1.86,3.44,2.22,1.75,1.46,0.29,0.04,0.04,0.04,7.07,0.00,0.11,0.07,0.07,10.78,2.28,2.22,1.44,1.97,1.18,2.95,2.04,1.42,0.20,0.35,0.22,0.04,0.07,0.00,0.11,7.41,3.19,0.64,2.57,1.00,0.13,2.24,11.22,1.42,17.50,2.75,10.93,4.04,1.51,0.22,0.07,0.09,0.02,0.02,1.06,0.02,0.62,0.20,0.16,0.00,4.08,0.04,0.00,0.04,0.00,0.00,0.00,0.11,0.00,3.88,0.00,0.00
20170328.Can you solve the $20 riddle ft SMBC Comics' Zach Weinersmith.SpaNgbS06kE.en.txt,1,2015,37.24,76.71,28.92,72.26,2015.00,10.52,92.21,58.26,18.01,10.52,3.57,0.20,4.02,1.39,1.34,7.49,8.34,11.32,12.01,5.86,7.59,1.69,21.19,4.37,3.18,1.84,2.53,2.53,4.57,3.52,1.04,0.00,0.30,0.25,12.26,0.00,0.30,0.69,1.09,13.65,3.03,1.24,2.03,3.33,2.13,3.87,4.57,2.58,1.54,0.40,0.50,0.30,0.15,0.00,0.05,4.96,0.65,0.84,1.94,1.44,0.20,2.28,16.53,2.28,10.62,1.74,5.81,3.47,1.14,0.50,0.30,0.60,0.00,0.30,3.62,0.05,0.25,2.68,0.69,0.05,5.96,0.00,0.15,0.10,0.00,0.00,0.00,0.25,0.00,4.96,0.00,0.50
20160614.Exploding soda cans with electromagnets in SLOW MOTION ft Joe Hanson.AXOa66-k9MA.en.txt,1,1182,46.28,80.35,33.50,79.68,1182.00,15.65,84.77,55.16,16.75,7.61,1.78,3.05,1.86,0.42,0.51,9.14,7.28,12.35,10.83,6.18,7.11,1.02,17.94,3.05,1.61,1.95,2.03,1.95,4.48,3.72,0.76,0.00,0.08,0.08,8.97,0.00,0.25,0.25,0.68,9.64,1.69,2.71,1.02,1.69,1.27,2.54,3.21,1.10,1.35,0.68,0.34,0.25,0.08,0.00,0.00,7.19,3.64,0.93,1.44,1.18,0.17,2.45,15.57,1.95,13.87,3.30,7.53,3.21,1.52,1.02,0.00,0.17,0.00,0.00,4.06,0.00,0.76,1.86,1.18,0.34,4.99,0.25,0.00,0.17,0.00,0.00,0.00,0.08,0.00,4.40,0.00,0.08
20190704.This Weird Straw Effect _ EVERYDAY MYSTERIES.Iu_7V2gaYZk.en.txt,1,1015,72.19,59.73,57.71,64.98,1015.00,15.27,85.71,54.98,15.17,6.21,2.36,0.49,2.96,0.30,0.10,8.97,9.85,14.38,7.68,5.81,7.09,1.18,16.35,4.14,3.45,2.07,0.69,2.56,3.74,2.86,0.79,0.39,0.00,0.00,6.01,0.00,0.20,0.20,0.39,12.41,3.15,2.86,1.08,2.96,1.18,3.35,3.15,2.36,0.59,0.10,3.45,0.30,0.39,0.00,3.05,5.81,0.89,1.77,2.27,1.18,0.10,2.96,10.25,0.69,14.68,2.07,10.25,2.66,1.28,1.38,0.10,0.49,0.00,0.10,1.28,0.10,0.00,0.59,0.49,0.00,4.24,0.00,0.00,0.20,0.00,0.00,0.00,0.30,0.00,3.35,0.00,0.39
20160315.Is energy always conserved.GHCc9b2phn0.en.txt,1,1036,64.03,69.56,49.64,92.97,1036.00,20.37,84.85,52.22,12.93,5.31,0.39,1.35,2.12,1.16,0.29,7.63,7.53,13.80,7.92,6.76,8.20,1.45,14.86,4.54,3.19,2.12,1.16,1.83,5.98,5.12,0.87,0.19,0.10,0.29,7.43,0.00,0.00,0.58,0.97,12.93,2.80,2.51,1.74,3.19,1.83,3.86,3.57,2.99,0.19,0.19,1.16,0.19,0.29,0.19,0.39,5.79,1.54,0.97,2.22,0.97,0.19,2.51,11.39,0.68,16.80,2.61,9.65,4.73,3.09,0.58,0.29,0.39,0.00,0.19,0.58,0.10,0.00,0.00,0.48,0.00,3.38,0.00,0.00,0.19,0.00,0.00,0.00,0.48,0.00,2.70,0.00,0.00
20150120.Stacked Ball Drop.2UHS883_P60.en.txt,1,646,91.01,66.21,75.98,83.53,646.00,15.94,87.00,52.01,10.99,4.02,0.31,0.93,2.32,0.00,0.46,6.97,11.15,15.79,4.33,5.42,7.59,0.77,9.44,7.12,4.95,2.63,1.86,3.25,3.87,3.56,0.31,0.00,0.00,0.15,4.95,0.00,0.15,0.00,0.00,8.51,0.77,1.55,0.93,3.72,0.46,2.94,0.93,0.31,0.15,0.46,0.46,0.46,0.00,0.00,0.00,7.59,1.24,2.01,3.56,1.08,0.15,1.39,10.06,1.70,22.14,6.19,11.76,4.64,1.24,5.57,0.15,0.15,0.00,0.00,0.31,0.00,0.00,0.31,0.00,0.00,1.70,0.00,0.00,0.31,0.00,0.00,0.00,0.00,0.00,1.24,0.00,0.15
20201204.Conservation of Momentum - Physics 101 _ AP Physics 1 Review with Dianna Cowern.9CRhdbDkwXM.en.txt,1,3580,61.78,68.05,77.07,36.59,3580.00,15.22,83.94,53.27,12.93,6.42,1.65,1.76,2.37,0.28,0.36,6.51,9.11,12.12,7.96,6.87,9.33,0.89,14.97,4.72,3.07,1.59,2.54,2.91,2.35,1.48,0.87,0.06,0.20,0.17,6.79,0.11,0.03,0.17,0.14,11.90,2.04,2.77,1.59,2.37,1.45,3.66,2.21,0.70,0.50,0.89,1.01,0.34,0.11,0.00,0.53,7.04,2.12,0.56,3.02,1.09,0.47,1.45,11.76,1.37,19.97,4.13,8.83,7.88,1.62,0.59,0.06,0.11,0.00,0.03,0.73,0.03,0.17,0.28,0.20,0.00,3.74,0.03,0.00,0.06,0.00,0.00,0.00,0.17,0.00,3.38,0.00,0.11
20190804.Testing what exercise actually does to your butt.Dh8Yd0mQnB8.en.txt,1,2074,44.60,70.72,55.89,51.00,2074.00,18.27,88.24,56.75,15.62,8.44,2.27,1.64,3.81,0.34,0.39,7.18,7.91,12.83,8.87,8.29,9.88,0.92,17.21,4.00,3.42,2.03,1.11,2.99,2.60,1.93,0.58,0.05,0.05,0.29,8.92,0.00,0.14,0.43,0.19,14.08,2.75,2.89,1.40,2.84,1.11,4.92,2.80,1.64,0.48,0.34,5.64,4.10,2.75,0.00,0.53,5.98,2.03,0.87,1.98,1.01,0.14,2.56,11.76,1.59,13.69,2.75,7.18,4.05,1.69,2.56,0.00,0.19,0.00,0.00,2.22,0.82,0.29,0.68,0.39,0.05,4.77,0.00,0.00,0.10,0.00,0.00,0.00,0.48,0.00,4.00,0.00,0.19
20150626.Quarks Explained in Four Minutes - Physics Girl.LraNu_78sCw.en.txt,1,850,71.08,56.08,13.39,59.17,850.00,11.65,78.47,53.41,8.71,3.29,0.59,0.47,2.12,0.00,0.12,5.41,8.47,14.59,10.00,6.24,9.65,1.65,14.94,6.47,3.53,1.65,3.06,4.00,3.88,2.82,1.06,0.00,0.35,0.12,5.53,0.00,0.12,0.00,0.00,14.47,0.94,2.12,2.59,2.82,4.12,4.35,3.88,3.53,0.24,0.12,0.12,0.00,0.00,0.00,0.12,4.71,0.94,0.24,2.82,0.82,0.00,2.47,11.65,0.35,11.06,1.53,7.06,2.47,0.24,0.47,0.00,0.00,0.00,0.00,0.47,0.00,0.24,0.12,0.35,0.00,3.88,0.00,0.00,0.24,0.00,0.00,0.00,0.35,0.00,3.06,0.00,0.24
20190502.Singing this Note is IMPOSSIBLE!.F64xcPKKES8.en.txt,1,1317,49.76,69.18,39.72,42.29,1317.00,19.06,82.92,55.81,16.55,8.05,2.28,0.68,3.64,0.23,1.21,8.50,7.67,12.91,8.66,7.21,8.12,1.06,16.25,4.78,2.43,2.66,0.61,1.97,2.58,1.75,0.84,0.23,0.00,0.00,8.20,0.00,0.23,0.15,0.23,12.91,2.05,2.51,2.20,3.19,1.14,4.18,3.95,0.84,2.73,0.08,0.46,0.30,0.08,0.00,0.08,6.68,1.21,1.14,3.64,0.76,0.23,2.13,10.40,2.05,13.36,2.73,8.43,2.89,2.51,2.28,0.08,0.08,0.00,0.15,0.61,0.00,0.00,0.23,0.30,0.00,4.48,0.00,0.00,0.15,0.00,0.00,0.00,0.00,0.00,3.72,0.00,0.61
20161012.The ULTRAVIOLET CATASTROPHE.FXfrncRey-4.en.txt,1,1025,69.89,61.53,31.15,36.03,1025.00,21.95,78.73,51.90,13.17,4.88,0.49,1.17,1.46,0.78,0.98,8.29,8.20,13.37,7.51,6.44,6.15,1.95,13.66,4.78,3.12,2.44,0.78,1.85,3.32,1.95,1.37,0.00,0.20,0.29,6.34,0.00,0.20,0.00,0.88,14.63,4.20,2.15,1.46,2.83,1.95,3.61,4.29,3.41,0.20,0.49,0.59,0.10,0.20,0.00,0.20,5.37,1.46,1.07,2.24,0.20,0.68,3.80,8.59,0.39,12.00,1.27,6.34,4.49,1.66,0.59,0.20,0.00,0.20,0.00,0.20,0.00,0.00,0.00,0.10,0.10,3.71,0.00,0.10,0.20,0.00,0.00,0.00,0.29,0.00,2.73,0.00,0.39
20210105.Angular Momentum - Physics 101 _ AP Physics 1 Review with Dianna Cowern.2WZ1PZ7imrI.en.txt,1,4331,65.73,69.59,69.77,49.40,4331.00,15.29,82.84,52.44,13.69,6.44,2.01,2.24,1.36,0.44,0.39,7.25,8.10,13.67,7.69,6.56,8.66,0.46,15.49,4.76,3.76,1.92,3.19,3.12,1.92,1.59,0.32,0.07,0.07,0.02,6.44,0.09,0.07,0.53,0.18,10.41,2.38,2.31,1.55,2.54,1.27,2.45,1.18,0.58,0.30,0.30,0.65,0.18,0.07,0.00,0.35,6.23,2.52,0.74,1.96,0.92,0.14,1.66,12.26,2.45,19.26,4.76,8.38,6.53,1.13,0.60,0.07,0.00,0.00,0.00,1.18,0.00,0.74,0.18,0.25,0.00,3.53,0.00,0.00,0.05,0.00,0.00,0.00,0.14,0.00,3.35,0.00,0.00
20171115.WHICH TANK FILLS FIRST ft. Simone Giertz.oxbuFwW5f-Q.en.txt,1,1247,46.39,77.45,59.04,56.04,1247.00,13.95,87.65,53.73,17.08,8.34,2.73,1.60,3.29,0.08,0.64,8.74,5.45,13.07,9.94,5.37,7.38,0.96,20.45,5.21,3.29,1.76,3.05,2.41,4.33,2.89,1.28,0.16,0.48,0.48,9.38,0.32,0.24,0.32,0.08,14.11,3.21,2.49,2.09,4.73,1.68,2.81,1.28,0.80,0.32,0.16,0.80,0.16,0.08,0.32,0.32,6.74,2.33,1.92,1.92,1.12,0.16,2.97,14.27,3.45,15.80,4.01,7.38,5.05,1.76,0.88,0.56,0.32,0.00,0.00,2.97,0.24,1.28,0.80,0.48,0.00,4.49,0.00,0.00,0.16,0.08,0.00,0.00,0.08,0.00,3.69,0.00,0.48
20150825.How to Make a Cloud in Your Mouth.68A_Azsqqg4.en.txt,1,648,60.76,68.92,47.86,48.69,648.00,15.28,80.40,50.00,13.27,6.02,1.23,0.46,3.86,0.00,0.46,7.25,6.94,12.04,7.72,5.86,7.10,2.16,13.89,4.94,3.24,2.16,2.16,2.47,5.71,3.40,2.16,1.08,0.46,0.15,7.41,0.15,0.46,0.00,0.31,12.50,2.47,2.78,1.39,2.47,1.23,3.40,2.31,0.62,0.77,0.62,3.40,1.54,0.15,0.00,1.70,5.56,1.08,2.01,1.54,0.62,0.31,1.23,10.65,1.08,14.97,2.16,9.41,3.70,1.08,0.46,0.31,0.00,0.00,0.00,0.31,0.00,0.31,0.00,0.00,0.00,4.01,0.00,0.15,0.31,0.00,0.00,0.00,0.15,0.00,2.78,0.00,0.62
"20170727.Mantis Shrimp Punch at 40,000 fps! - Cavitation Physics.m78_sOEadC8.en.txt",1,922,72.49,64.80,38.18,35.23,922.00,13.88,82.97,50.76,13.34,6.72,2.39,0.22,1.95,0.22,1.95,6.62,8.57,13.88,7.05,6.83,7.48,0.33,14.86,5.21,2.39,1.74,3.36,1.63,4.66,2.60,2.06,0.65,0.76,0.33,6.72,0.00,0.33,0.43,0.43,8.57,1.08,1.95,0.22,2.06,1.19,2.39,4.12,2.60,0.87,0.54,2.71,0.22,0.43,0.00,1.41,5.42,0.87,0.76,2.49,1.63,0.00,1.95,10.74,1.19,13.77,2.28,8.24,3.90,1.08,1.74,0.43,0.00,0.11,0.00,1.08,0.00,0.00,0.65,0.43,0.00,4.99,0.43,0.22,0.22,0.00,0.00,0.00,0.00,0.00,3.25,0.00,0.87
20210409.This result could change physics forever.0roQUZvU-As.en.txt,1,2405,31.30,70.00,40.40,55.56,801.67,15.76,87.86,60.54,18.42,6.65,1.08,2.70,1.62,0.00,1.25,11.77,7.90,12.02,12.02,7.48,7.98,1.79,20.04,4.62,3.62,2.08,2.49,2.49,2.49,2.04,0.46,0.00,0.04,0.00,7.53,0.08,0.04,0.00,0.04,15.68,3.16,3.37,1.50,3.91,1.62,3.70,2.91,2.00,0.62,0.25,0.17,0.08,0.08,0.00,0.00,6.11,2.91,0.71,1.79,1.12,0.12,4.53,14.01,1.66,13.10,2.87,6.44,4.03,0.42,0.25,0.04,0.08,0.04,0.00,1.66,0.04,0.04,0.91,0.71,0.00,5.36,0.08,0.00,0.08,0.00,0.00,0.00,0.00,0.00,4.95,0.00,0.25
20170201.Can you solve these physics riddles ft Simone Giertz - Part 1_3.qplG78Guaa4.en.txt,1,769,26.72,68.01,77.27,83.54,769.00,12.61,92.07,59.95,18.73,12.35,5.07,0.65,5.07,0.52,1.04,6.11,7.41,11.31,11.57,7.80,8.32,1.95,20.16,4.68,3.25,1.30,1.69,1.30,6.11,4.68,1.43,0.13,0.65,0.39,12.22,0.00,0.13,0.78,0.00,15.47,3.77,1.43,1.82,4.42,1.30,5.85,2.60,1.43,0.65,0.39,1.30,0.39,0.00,0.39,0.39,4.81,1.56,1.04,1.04,1.30,0.00,3.64,14.95,1.69,13.13,1.95,8.19,3.38,1.82,1.95,0.13,0.00,0.00,0.00,1.95,0.39,0.13,1.30,0.13,0.00,6.11,0.00,0.00,0.26,0.00,0.00,0.00,0.52,0.00,4.81,0.00,0.52
20201008.Friction - Physics 101 _ AP Physics 1 Review with Dianna Cowern.fCe6UyNyPTg.en.txt,1,3600,58.34,59.44,53.89,48.44,3600.00,16.78,83.06,54.89,13.39,6.00,1.67,1.92,1.94,0.00,0.47,7.39,8.92,12.92,8.81,7.53,8.67,1.44,16.94,4.28,2.61,1.86,2.17,2.36,2.11,1.67,0.44,0.00,0.14,0.00,5.83,0.00,0.06,0.00,0.00,13.67,2.06,4.17,1.42,3.06,0.97,4.19,2.19,0.28,0.61,1.28,0.36,0.22,0.00,0.00,0.14,8.75,2.17,0.83,4.50,1.06,0.31,1.97,12.94,1.50,15.08,3.61,8.03,3.44,1.97,0.86,0.08,0.03,0.00,0.00,0.97,0.00,0.19,0.33,0.42,0.08,4.31,0.00,0.00,0.06,0.00,0.00,0.00,0.06,0.00,3.92,0.00,0.28
20150209.Why do mirrors flip horizontally (but not vertically).vBpxhfBlVLU.en.txt,1,743,44.14,57.48,91.07,25.77,743.00,12.92,86.94,59.35,20.86,11.04,4.98,2.42,2.42,0.67,0.54,9.83,8.21,13.19,8.61,5.52,8.34,1.08,18.17,2.02,1.62,2.83,0.40,1.08,1.62,0.81,0.81,0.00,0.13,0.00,7.67,0.00,0.00,0.67,0.00,11.44,1.88,1.48,2.69,2.96,0.94,4.58,6.19,3.90,0.81,1.35,2.96,2.29,0.00,0.00,0.67,5.65,2.42,0.40,1.35,0.81,0.67,2.02,14.00,0.54,21.00,3.63,15.34,3.63,0.54,0.13,0.00,0.00,0.00,0.00,0.40,0.00,0.00,0.00,0.13,0.00,5.38,0.00,0.00,0.27,0.00,0.00,0.00,0.81,0.00,4.04,0.00,0.27
20200916.2D Motion - Physics 101 _ AP Physics 1 Review with Dianna Cowern.d1sGo8w6Lpw.en.txt,1,4083,56.91,70.43,77.31,37.92,1361.00,15.53,84.62,52.58,14.33,7.91,2.06,2.33,2.01,1.27,0.24,6.39,8.28,11.98,8.47,6.76,8.30,0.91,15.67,3.97,2.40,1.81,4.70,1.81,3.04,1.86,1.18,0.07,0.20,0.12,7.15,0.02,0.05,1.20,0.10,11.14,2.79,2.03,2.08,2.45,0.93,3.16,2.03,1.15,0.22,0.51,0.91,0.24,0.12,0.02,0.51,7.45,2.55,0.98,2.13,1.22,0.83,1.93,12.29,1.57,20.84,4.41,11.58,5.49,1.37,1.76,0.24,0.15,0.00,0.00,0.78,0.00,0.20,0.29,0.22,0.05,4.07,0.05,0.00,0.05,0.00,0.00,0.00,0.10,0.00,3.82,0.00,0.05
20150929.Epic Space Rescues ft. BrainCraft.ft3p2C6oO30.en.txt,1,1119,90.50,68.52,34.37,20.37,1119.00,19.57,77.93,47.45,8.67,4.65,0.36,0.18,0.63,1.16,2.32,4.02,9.20,14.92,6.79,4.65,6.17,0.45,13.23,3.40,2.32,1.88,3.04,2.41,3.49,1.43,1.79,0.54,0.00,0.27,6.34,0.00,0.71,0.00,1.16,9.03,1.70,1.97,1.34,1.34,2.23,1.52,2.06,1.16,0.36,0.36,2.14,1.52,0.45,0.00,0.18,6.17,0.54,1.70,2.41,0.89,1.07,2.50,8.67,0.63,17.52,3.66,8.31,6.43,2.23,0.54,0.09,0.18,0.00,0.18,0.18,0.00,0.00,0.09,0.09,0.00,1.97,0.00,0.00,0.18,0.00,0.00,0.00,0.36,0.00,1.43,0.00,0.00
20170526.Tricky Spool Riddle SOLUTION - ft Anne Wojcicki.59R1WN4tHrM.en.txt,1,984,37.24,68.71,42.84,91.65,984.00,12.30,87.30,54.07,17.68,9.04,3.56,0.91,4.27,0.20,0.10,8.64,7.22,11.28,11.79,6.30,6.20,2.03,22.87,4.47,1.93,1.73,1.73,2.54,5.28,4.67,0.61,0.00,0.30,0.00,8.43,0.20,0.10,0.61,0.20,13.62,3.15,2.64,1.93,3.56,0.91,3.15,1.42,0.51,0.10,0.61,0.61,0.20,0.10,0.00,0.10,6.10,1.63,0.71,2.03,1.52,0.30,1.63,16.46,2.74,12.20,4.47,6.00,2.13,0.91,0.30,0.20,0.30,0.00,0.00,4.67,0.00,0.41,3.46,1.02,0.00,6.50,0.10,0.00,0.20,0.00,0.00,0.00,0.41,0.00,5.79,0.00,0.00
20210115.Simple Harmonic Motion - Physics 101 _ AP Physics 1 Review with Dianna Cowern.Z92-7AY_S1A.en.txt,1,4648,57.19,61.85,71.92,57.09,4648.00,14.69,83.95,55.31,14.74,6.82,2.65,1.53,2.30,0.11,0.24,7.92,8.61,13.12,7.72,7.40,9.06,1.23,14.50,4.30,2.50,1.89,2.32,2.56,2.35,2.00,0.34,0.04,0.04,0.04,5.68,0.06,0.09,0.04,0.17,10.99,2.28,3.33,0.99,2.37,1.12,2.62,2.02,0.84,0.84,0.30,0.17,0.06,0.09,0.00,0.02,5.98,1.76,0.58,2.54,1.03,0.22,1.38,12.54,1.46,18.03,4.09,8.93,5.90,1.40,1.05,0.09,0.06,0.02,0.00,0.99,0.00,0.30,0.65,0.19,0.02,3.44,0.00,0.00,0.04,0.00,0.00,0.00,0.04,0.00,3.31,0.00,0.04
20140510.What is Color Flame Challenge Winner 2014.Um0ZXhrQUJ4.en.txt,1,709,52.23,84.51,37.20,46.57,709.00,11.99,89.28,54.58,15.94,8.46,0.71,1.27,5.78,0.00,0.71,7.48,7.76,11.99,10.01,6.77,6.06,1.13,17.21,8.60,3.81,2.40,0.99,3.24,1.97,1.55,0.42,0.14,0.00,0.00,9.73,0.00,0.00,0.00,0.00,12.69,2.96,0.85,0.71,2.96,1.69,4.80,15.51,13.96,0.14,0.28,1.83,1.41,0.14,0.00,0.28,3.81,1.27,0.85,0.56,0.99,0.28,2.12,13.68,0.71,11.28,2.96,5.64,2.82,0.28,0.14,0.00,0.00,0.00,0.00,2.12,0.00,0.14,0.42,1.27,0.14,3.39,0.00,0.00,0.28,0.00,0.00,0.00,0.14,0.00,2.96,0.00,0.00
20180817.The Broom Riddle (Solution) ft. Kurt Hugo Schneider part 3_3.9EkUvuHBm38.en.txt,1,1047,27.05,65.24,52.63,85.75,1047.00,11.17,89.59,56.45,17.48,8.88,3.72,0.38,4.39,0.10,0.29,8.60,6.78,10.32,11.37,8.21,8.21,1.34,18.34,5.06,2.77,1.62,4.20,2.48,5.16,4.30,0.86,0.00,0.38,0.10,7.16,0.00,0.38,0.10,0.19,12.03,2.58,3.25,2.10,2.01,1.24,2.96,3.15,1.24,0.67,1.15,0.76,0.38,0.19,0.00,0.19,4.78,0.57,1.05,1.53,1.72,0.10,2.48,14.23,2.10,14.33,1.81,8.88,3.53,1.24,0.96,0.96,0.10,0.00,0.00,3.82,0.00,0.76,2.39,0.57,0.00,6.30,0.00,0.00,0.19,0.00,0.00,0.00,1.15,0.00,4.30,0.00,0.67
20200706.Insanely Fun DIY Science Experiments at Home with Physics Girl.y8E61LsJOrI.en.txt,1,1749,71.55,64.93,36.84,58.22,1749.00,13.66,82.96,53.86,13.55,6.23,2.34,0.69,2.97,0.00,0.23,7.26,9.61,12.98,8.63,6.06,7.09,0.23,14.41,4.69,2.92,2.00,2.69,2.46,3.32,2.52,0.80,0.11,0.17,0.23,5.89,0.06,0.00,0.06,0.06,10.35,1.37,2.00,1.14,3.09,1.09,3.14,6.23,3.20,0.63,1.54,3.09,0.29,0.17,0.00,2.40,4.06,1.14,0.74,1.72,0.63,0.11,1.94,11.32,1.14,13.26,1.54,8.69,3.09,0.51,0.86,0.40,0.06,0.00,0.06,1.83,0.00,0.57,0.97,0.29,0.00,3.49,0.00,0.00,0.11,0.00,0.00,0.00,0.23,0.00,2.97,0.00,0.17
20160412.Could you replace your eye with a camera.psp_8xJfeWU.en.txt,1,1117,67.28,75.76,53.24,75.59,1117.00,16.11,85.23,53.09,13.16,6.54,0.63,0.36,4.30,0.09,1.16,6.62,8.15,14.06,8.15,6.36,8.15,1.07,16.65,5.91,3.40,2.69,1.97,2.15,3.94,3.31,0.63,0.00,0.54,0.00,8.33,0.00,0.00,0.27,0.00,12.98,2.15,1.97,1.34,3.04,1.61,4.30,7.07,5.73,0.00,1.25,4.48,4.21,0.18,0.00,0.27,3.40,0.54,1.07,0.98,1.52,0.00,1.61,11.28,1.43,15.85,3.85,9.13,4.21,0.72,0.54,0.36,0.09,0.00,0.00,1.07,0.00,0.27,0.63,0.18,0.00,2.60,0.00,0.00,0.18,0.00,0.00,0.00,0.18,0.00,2.24,0.00,0.00
20170913.FIRE IN FREEFALL - rare physics experiment.VAA_dNq_-8c.en.txt,1,967,57.50,64.91,56.12,61.07,967.00,13.34,85.83,55.74,12.82,6.62,2.07,2.17,1.96,0.00,0.41,6.10,8.79,12.72,8.38,8.07,9.31,1.24,16.03,6.10,4.14,1.55,1.55,3.62,3.10,2.48,0.62,0.10,0.10,0.10,6.20,0.00,0.10,0.10,0.00,12.41,1.76,3.00,1.65,3.00,1.24,3.10,4.76,1.24,0.62,2.90,0.10,0.10,0.00,0.00,0.00,7.03,2.48,1.55,2.07,1.03,0.10,3.10,10.34,0.31,16.65,3.21,10.13,4.14,1.14,0.31,0.10,0.31,0.10,0.10,1.55,0.10,0.10,0.72,0.52,0.00,3.62,0.00,0.00,0.21,0.00,0.00,0.00,0.41,0.00,2.79,0.00,0.21
20160301.Quantum Cryptography Explained.UiJiXNEm-Go.en.txt,1,1458,77.54,74.72,18.88,62.19,1458.00,20.37,77.23,49.93,10.84,5.97,1.30,0.82,1.99,0.69,1.17,4.87,7.61,13.92,7.89,4.87,7.75,0.55,15.02,4.25,2.74,1.51,4.60,1.92,3.57,2.74,0.82,0.07,0.14,0.00,9.05,0.07,0.00,0.41,0.48,12.76,2.40,3.64,2.33,3.16,0.41,3.29,1.44,0.75,0.41,0.21,0.41,0.14,0.21,0.21,0.00,6.17,1.78,1.17,1.71,0.96,0.75,2.74,11.11,1.03,11.73,1.78,6.38,3.50,2.26,0.41,0.00,0.27,0.00,0.34,0.21,0.07,0.00,0.00,0.14,0.00,2.88,0.00,0.00,0.14,0.00,0.00,0.00,0.48,0.00,2.13,0.00,0.14
20180816.Bowl Riddle Solution (Plus 2 BONUS riddles) ft. Kurt Hugo Schneider part 2_3._34bYpxK_OE.en.txt,1,1268,61.24,52.21,69.93,68.91,1268.00,11.44,89.12,56.15,16.25,9.15,4.26,0.55,3.71,0.08,0.55,7.10,8.52,13.80,8.91,5.60,7.10,1.42,17.59,3.71,3.47,1.42,1.66,2.37,4.34,3.31,1.03,0.16,0.24,0.16,6.39,0.00,0.08,0.16,0.08,13.41,2.92,1.50,2.37,3.71,1.42,4.42,3.55,1.34,0.79,1.42,1.34,0.39,0.00,0.00,0.87,6.55,0.63,1.18,3.00,1.58,0.24,1.74,13.25,1.97,14.98,3.47,9.38,2.44,1.50,2.37,0.55,0.24,0.08,0.00,3.23,0.00,0.71,1.81,0.47,0.08,4.97,0.00,0.00,0.16,0.00,0.00,0.00,0.39,0.00,3.86,0.00,0.55
20180625.Bandaids Glow when Opening! _ EVERYDAY MYSTERIES.DIILDg2d3Yk.en.txt,1,1481,65.08,58.54,61.52,75.83,1481.00,19.24,85.08,53.61,14.99,7.43,2.84,1.08,2.90,0.00,0.61,7.56,8.10,13.57,8.24,5.13,7.29,1.55,16.88,4.86,3.78,2.30,1.08,2.23,4.32,3.44,0.74,0.07,0.20,0.20,7.29,0.00,0.20,0.20,0.14,15.73,3.65,3.44,1.28,3.71,1.28,4.66,3.92,2.63,0.41,0.68,1.15,0.41,0.34,0.20,0.27,5.47,1.55,1.55,1.35,1.35,0.00,1.89,12.90,1.49,12.90,2.43,6.89,3.51,2.43,1.49,0.54,0.00,0.00,0.00,1.15,0.07,0.34,0.34,0.34,0.00,4.86,0.00,0.00,0.14,0.00,0.00,0.00,0.95,0.00,3.51,0.00,0.27
20200813.Fact-Checking this Viral Bottle Trick.jbgvQNhFDTo.en.txt,1,2170,70.73,64.39,65.33,17.11,2170.00,18.20,84.10,54.01,13.64,6.08,1.11,0.69,2.72,0.23,1.34,7.56,9.22,14.01,7.56,5.90,8.11,1.34,15.12,4.42,2.49,2.49,1.34,1.75,5.44,2.40,3.00,0.97,0.69,0.55,6.64,0.00,0.32,0.05,0.37,12.26,2.44,2.40,1.15,2.72,1.34,3.78,2.30,1.43,0.18,0.41,2.63,0.92,0.23,0.05,1.43,6.54,0.83,1.66,3.27,0.78,0.23,3.41,9.22,1.66,17.42,4.01,10.18,4.52,1.47,0.83,0.09,0.00,0.00,0.09,0.78,0.14,0.23,0.32,0.18,0.00,3.09,0.00,0.00,0.09,0.00,0.00,0.00,0.09,0.00,2.90,0.00,0.00
20170301.Everything you should know about TRAPPIST-1 exoplanets.lK2iJe7AM_Q.en.txt,1,2216,37.75,79.93,56.17,59.98,2216.00,14.49,87.68,58.80,16.47,8.17,1.62,2.93,2.08,0.05,1.49,8.30,6.99,13.72,10.88,9.16,8.39,1.13,17.37,3.84,2.93,2.39,2.30,2.71,2.57,2.17,0.36,0.00,0.00,0.14,9.16,0.05,0.09,0.09,0.09,12.32,3.02,1.67,1.40,3.75,1.31,3.02,2.08,1.49,0.45,0.14,0.68,0.14,0.27,0.00,0.27,7.36,3.56,0.68,2.03,1.35,0.14,2.21,13.45,1.35,15.70,1.90,9.34,4.74,1.40,0.50,0.05,0.05,0.05,0.00,1.58,0.00,0.05,1.04,0.50,0.00,4.47,0.00,0.00,0.14,0.00,0.00,0.00,0.14,0.00,3.93,0.00,0.27
20140905.The Vomit Comet ft. Emily Calandrelli _ EXPERT ANSWERS PHYSICS GIRL QUESTIONS.BnLQTUnXMg8.en.txt,1,903,49.42,87.98,43.67,33.41,903.00,14.40,90.03,58.69,17.61,10.63,1.77,0.66,5.76,0.44,1.99,6.98,8.31,13.51,8.86,5.54,9.41,1.55,17.05,2.77,2.44,2.10,3.88,1.22,3.10,1.77,1.33,0.11,0.22,0.11,12.18,0.00,0.00,0.44,0.11,11.07,2.44,2.21,1.44,2.33,0.89,3.32,4.10,1.11,0.22,1.77,1.99,0.66,0.66,0.33,0.33,6.31,1.22,1.22,2.55,2.10,0.22,2.88,12.40,1.00,14.40,2.55,8.64,2.99,1.99,1.11,0.11,0.22,0.11,0.00,0.89,0.22,0.00,0.44,0.22,0.00,3.54,0.00,0.00,0.22,0.00,0.00,0.00,0.11,0.00,3.21,0.00,0.00
20200410.Ballistic Ping Pong Ball vs. Tennis Ball at 450km_h!.rk-6wHimbUs.en.txt,1,2957,69.88,66.50,47.98,53.08,2957.00,13.09,82.85,52.42,13.09,6.29,1.22,1.39,2.71,0.51,0.47,6.80,8.32,13.53,8.18,5.68,7.27,1.29,14.81,4.80,3.15,1.93,3.62,2.13,3.58,2.50,1.05,0.10,0.41,0.03,6.59,0.10,0.03,0.34,0.30,12.38,2.03,2.60,2.40,2.54,1.15,3.72,1.69,0.64,0.17,0.54,1.25,0.74,0.14,0.00,0.30,6.83,1.56,0.88,2.77,1.25,0.57,2.10,10.04,1.15,16.64,4.13,10.18,3.58,0.68,2.16,0.44,0.00,0.03,0.07,1.35,0.20,0.37,0.34,0.34,0.03,4.46,0.00,0.14,0.07,0.00,0.00,0.00,0.91,0.00,2.98,0.00,0.37
20170112.My dad was stuck by lightning (TWICE!).9-E7koihWF4.en.txt,1,1307,54.95,66.59,41.69,54.58,1307.00,16.07,87.83,57.61,15.38,7.96,3.14,0.84,3.44,0.23,0.31,7.42,7.88,14.15,10.33,6.96,7.19,1.38,18.36,3.75,2.22,2.14,1.99,2.14,3.75,2.60,1.07,0.23,0.31,0.08,7.12,0.46,0.00,0.23,0.84,12.09,2.30,1.99,1.68,3.52,0.84,2.45,2.52,0.99,0.31,0.92,2.45,1.15,0.61,0.08,0.84,6.89,1.15,0.84,2.68,1.76,0.61,4.59,10.79,0.99,13.77,2.22,7.12,4.59,0.38,1.15,0.31,0.08,0.00,0.15,1.84,0.15,0.31,0.99,0.23,0.00,3.06,0.00,0.00,0.15,0.00,0.00,0.00,0.15,0.00,2.60,0.00,0.15
20190529.How to Make VORTEX RINGS in a Pool._18avidXxqY.en.txt,1,1198,60.35,69.77,53.57,49.04,1198.00,13.77,85.89,54.34,14.36,8.68,3.17,2.25,2.50,0.25,0.50,5.68,8.85,12.27,8.43,6.93,7.60,1.09,17.70,3.84,2.00,1.67,0.92,2.09,3.26,2.25,1.00,0.00,0.25,0.17,8.10,0.00,0.33,0.08,0.58,13.86,2.25,3.17,2.09,3.59,1.25,3.34,5.09,2.09,2.50,0.42,1.09,0.00,0.00,0.00,1.00,6.59,2.67,2.00,1.42,1.00,0.08,4.01,11.10,1.75,15.11,2.09,8.68,4.76,1.67,2.17,0.08,0.50,0.33,0.08,1.59,0.08,0.67,0.33,0.42,0.00,4.17,0.00,0.00,0.17,0.00,0.00,0.00,0.17,0.00,3.34,0.00,0.50
20200521.Unique at-home Science Experiments! with Physics Girl.EmqZBBuTMjA.en.txt,1,1902,59.11,62.58,60.24,51.34,1902.00,14.04,86.12,56.62,15.46,7.36,2.52,0.84,3.21,0.00,0.79,8.10,9.25,13.46,8.25,7.73,8.41,0.58,15.88,4.73,3.36,1.37,1.31,2.68,3.58,2.47,1.10,0.58,0.00,0.11,6.05,0.00,0.05,0.05,0.00,11.04,1.47,2.26,1.58,2.79,1.47,3.79,3.84,2.47,0.21,0.84,3.00,0.53,0.53,0.11,1.95,5.52,1.00,1.47,1.89,1.47,0.05,2.00,12.46,1.63,16.35,3.00,10.30,3.73,1.21,0.63,0.21,0.00,0.00,0.00,1.84,0.00,0.79,0.68,0.32,0.05,4.57,0.00,0.00,0.11,0.00,0.00,0.00,0.32,0.00,3.94,0.00,0.21
20180503.Crazy tic tac bounce! _ EVERYDAY MYSTERIES.x4ySPDvebes.en.txt,1,1314,52.89,53.65,79.89,90.79,1314.00,15.14,85.84,52.97,16.44,7.53,3.58,1.22,2.44,0.15,0.15,8.90,7.46,12.18,7.91,6.39,7.31,1.52,16.82,4.79,3.42,2.28,1.52,2.59,5.78,4.87,0.91,0.00,0.23,0.46,6.01,0.00,0.15,0.23,0.00,12.63,2.05,2.13,1.22,3.73,1.45,3.58,1.67,1.22,0.30,0.30,0.68,0.30,0.23,0.00,0.08,8.75,1.67,2.89,2.51,1.75,0.53,2.74,14.46,1.60,18.19,4.72,7.61,6.32,1.60,1.22,0.38,0.08,0.00,0.00,1.07,0.08,0.38,0.38,0.23,0.00,6.09,0.00,0.00,0.15,0.00,0.00,0.00,1.29,0.00,4.19,0.00,0.46
20180705.Can You Solve this Ice Diamond Riddle ft. Vsauce’s Michael Stevens.kiifM9APMNQ.en.txt,1,888,32.06,68.18,74.76,80.79,888.00,12.84,90.88,60.47,20.05,11.26,5.07,1.13,3.83,0.90,0.34,8.78,7.21,13.06,11.49,6.42,7.77,2.03,20.27,4.39,3.72,1.58,1.35,1.69,4.17,3.60,0.56,0.00,0.00,0.00,10.36,0.00,0.23,0.34,1.13,13.51,2.70,2.03,1.35,4.17,1.69,3.49,2.93,1.46,0.79,0.56,1.58,0.45,0.00,0.00,0.56,6.42,1.80,1.13,1.35,2.25,0.45,3.04,15.09,1.46,15.99,3.38,7.43,5.63,1.69,1.24,0.00,0.11,0.00,0.00,2.48,0.00,0.90,1.24,0.45,0.00,6.87,0.00,0.00,0.23,0.00,0.00,0.00,0.45,0.00,5.86,0.00,0.34
20160119.Spaceships pushed by LIGHT – the future of space travel.oIuvIDhcs8E.en.txt,1,984,75.75,61.60,51.60,74.91,984.00,18.19,79.07,48.48,10.26,4.07,0.30,0.41,2.03,0.10,1.22,6.20,7.83,12.60,7.01,6.00,7.11,1.22,12.40,4.98,3.25,1.32,2.13,3.05,3.05,2.85,0.20,0.10,0.00,0.10,5.49,0.00,0.00,0.20,0.10,9.55,1.93,2.44,1.02,1.32,0.91,3.46,3.86,3.05,0.30,0.41,0.51,0.30,0.00,0.00,0.10,3.66,0.61,0.81,1.52,0.81,0.00,1.12,10.57,0.61,16.67,4.98,8.74,3.96,2.34,0.51,0.00,0.61,0.00,0.00,0.51,0.00,0.00,0.10,0.41,0.00,2.54,0.10,0.00,0.20,0.00,0.00,0.00,0.10,0.00,1.93,0.00,0.20
20180516.The Most MYSTERIOUS Object in the Universe.GHsQl-k3syg.en.txt,1,1296,40.31,68.65,25.52,53.32,1296.00,18.36,83.10,55.40,16.51,9.18,2.62,1.93,1.39,0.62,2.62,7.33,6.25,12.65,9.72,7.41,7.95,1.70,17.28,6.79,3.78,1.70,1.54,3.09,2.85,2.16,0.69,0.15,0.00,0.00,9.72,0.00,0.23,0.69,0.15,12.58,2.93,1.77,1.16,2.70,1.08,3.86,5.09,4.01,0.31,0.77,0.54,0.39,0.15,0.00,0.00,5.79,2.24,1.00,1.00,1.39,0.15,3.78,12.11,0.69,9.41,1.00,5.32,3.47,1.70,0.69,0.31,0.08,0.00,0.00,1.00,0.00,0.23,0.31,0.15,0.23,4.24,0.00,0.00,0.15,0.00,0.00,0.00,0.08,0.00,3.78,0.00,0.23
"20210119.Waves, Light and Sound - Physics 101 _ AP Physics 1 Review with Dianna Cowern.Y1LbQBgvISs.en.txt",1,4216,60.13,68.40,70.69,59.46,4216.00,14.71,85.89,54.93,14.61,7.02,2.23,1.76,2.56,0.07,0.40,7.59,8.75,13.40,8.14,7.21,8.89,0.66,16.58,4.98,4.01,1.97,2.47,2.32,2.87,2.32,0.55,0.21,0.00,0.09,7.02,0.00,0.05,0.00,0.07,11.08,2.18,2.35,1.52,2.85,0.85,3.63,4.79,2.68,1.49,0.57,0.88,0.24,0.05,0.00,0.47,5.62,2.18,0.45,1.90,1.07,0.07,1.85,13.52,1.21,17.81,5.24,8.78,4.41,1.26,1.07,0.09,0.00,0.00,0.00,0.64,0.02,0.07,0.33,0.14,0.02,3.70,0.00,0.00,0.05,0.00,0.00,0.00,0.05,0.00,3.46,0.00,0.14
20180131.Only some humans can see this type of light.CSu0cV3fqi8.en.txt,1,1516,62.68,67.54,31.30,80.70,1516.00,19.99,84.10,52.77,13.26,6.07,1.65,0.53,3.03,0.07,0.79,7.19,6.93,14.05,9.04,6.07,7.98,1.06,15.30,4.62,3.10,1.52,0.79,2.77,4.22,3.63,0.59,0.13,0.00,0.00,7.12,0.00,0.13,0.20,0.13,11.08,2.11,1.98,1.32,3.50,0.92,3.43,6.66,5.87,0.26,0.33,1.25,0.40,0.20,0.00,0.33,3.96,0.92,0.79,1.12,1.06,0.20,0.92,13.59,1.32,12.27,2.51,7.65,2.24,1.78,0.99,0.13,0.13,0.00,0.00,1.52,0.00,0.20,0.99,0.26,0.00,3.83,0.00,0.00,0.13,0.00,0.00,0.00,0.13,0.00,3.23,0.00,0.33
20180906.What Size Magnet Can ERASE a Credit Card.OU4VoE15wIw.en.txt,1,1843,41.44,62.16,32.56,86.73,1843.00,12.86,84.26,56.76,17.53,7.81,2.88,1.84,2.22,0.22,0.65,9.71,7.43,12.10,9.33,7.16,8.14,1.36,16.55,4.45,3.36,2.22,2.01,1.68,4.61,4.07,0.54,0.05,0.16,0.11,7.54,0.05,0.27,0.05,0.33,12.53,1.95,2.82,1.41,2.77,0.92,4.29,2.33,1.14,0.43,0.76,0.54,0.22,0.22,0.00,0.11,6.13,2.22,0.98,1.95,0.54,0.49,2.44,13.29,1.47,10.80,2.06,6.29,2.66,3.64,1.09,0.00,2.98,0.11,0.00,2.28,0.00,0.65,1.03,0.54,0.05,4.83,0.00,0.00,0.11,0.05,0.00,0.00,0.54,0.00,3.85,0.00,0.27
20200903.Freefall - Physics 101 _ AP Physics 1 Review with Dianna Cowern.Lcf74nxpSQE.en.txt,1,3859,57.81,66.28,91.14,33.83,551.29,13.84,86.01,52.32,15.16,8.24,3.27,2.25,2.31,0.16,0.26,6.92,6.69,13.42,7.90,7.10,7.46,0.67,16.53,5.26,2.62,1.84,8.27,2.59,2.85,1.66,1.19,0.13,0.41,0.16,6.22,0.00,0.08,0.08,0.10,9.87,2.93,2.02,1.53,2.12,0.57,2.62,1.55,0.75,0.31,0.47,0.36,0.05,0.05,0.00,0.23,8.47,2.44,0.80,3.86,1.11,0.39,2.25,13.11,1.89,21.97,4.69,11.87,6.19,1.43,0.83,0.03,0.21,0.00,0.00,0.86,0.03,0.21,0.26,0.29,0.05,4.22,0.16,0.00,0.05,0.00,0.00,0.00,0.03,0.00,3.84,0.00,0.16
20160628.Should you go to Mars ft Bill Nye.TDYDdr4HVdQ.en.txt,1,1727,42.10,71.29,39.46,71.43,1727.00,14.48,87.43,56.75,16.21,8.34,2.55,1.91,3.18,0.12,0.58,7.87,6.20,13.43,10.71,6.60,7.47,2.37,19.63,3.07,1.68,1.62,1.62,2.49,3.82,3.13,0.69,0.06,0.12,0.12,9.09,0.06,0.06,0.12,0.12,14.88,2.78,2.08,3.42,2.43,2.26,3.59,1.51,0.75,0.46,0.35,1.80,0.29,0.87,0.00,0.58,7.18,2.43,1.22,1.45,2.08,0.23,2.49,14.42,1.33,14.01,3.71,7.18,3.18,2.32,0.75,0.06,0.58,0.00,0.23,1.97,0.06,0.35,1.22,0.41,0.00,4.11,0.00,0.00,0.12,0.00,0.00,0.00,0.29,0.00,3.71,0.00,0.00
20161222.How to control light with water.gUPbysSt7XU.en.txt,1,1985,63.77,74.55,58.35,44.19,1985.00,15.06,84.53,54.61,14.31,7.05,1.96,1.41,2.92,0.05,0.71,7.25,8.61,14.06,8.21,7.20,8.06,0.91,16.57,4.53,3.43,1.91,1.61,2.37,2.52,1.76,0.76,0.05,0.45,0.00,8.77,0.05,0.10,0.00,0.05,10.43,1.76,1.81,1.41,2.32,1.36,3.63,3.68,2.62,0.81,0.25,1.76,0.35,0.55,0.00,0.81,6.05,2.12,0.45,1.66,1.76,0.25,2.17,12.85,1.46,16.37,3.58,8.92,4.58,0.81,1.21,0.30,0.10,0.00,0.05,1.96,0.00,0.35,1.01,0.50,0.05,4.28,0.00,0.10,0.10,0.00,0.00,0.00,0.30,0.00,3.63,0.00,0.15
20170125.DIY Lightning Experiment! Make a SHOCKING Capacitor.rG7N_Zv6_gQ.en.txt,1,1266,69.06,73.37,44.32,73.03,1266.00,14.45,82.70,53.71,14.93,7.58,2.05,1.74,3.08,0.32,0.39,7.27,8.77,13.59,7.74,5.53,6.71,1.42,15.24,4.90,3.87,1.03,2.29,2.13,4.19,3.32,0.79,0.00,0.08,0.47,8.14,0.16,0.16,0.55,0.39,9.87,1.42,2.05,0.79,2.37,0.79,3.16,3.24,1.34,0.32,1.58,0.95,0.39,0.08,0.08,0.16,7.50,2.53,1.82,2.53,1.26,0.08,3.00,10.11,1.42,14.61,2.37,9.08,3.40,1.90,0.79,0.24,0.24,0.00,0.00,2.45,0.08,0.32,1.34,0.55,0.00,3.48,0.00,0.16,0.16,0.00,0.00,0.00,0.16,0.00,2.84,0.00,0.16
20200925.Why RED BUBBLES are impossible… or are they!.Oa5jQWJaFoQ.en.txt,1,2156,34.86,71.74,37.63,53.68,1078.00,14.05,89.24,59.23,16.33,7.61,1.35,0.42,4.68,0.00,1.16,8.72,7.24,12.48,10.62,6.63,11.32,1.21,16.93,5.94,2.64,1.99,1.58,2.55,2.23,1.86,0.37,0.09,0.05,0.05,8.21,0.05,0.05,0.05,0.00,13.45,1.72,2.13,2.27,3.85,1.95,5.01,9.09,7.75,0.51,0.60,0.32,0.05,0.09,0.00,0.09,5.71,0.93,0.32,1.95,2.55,0.05,1.48,14.98,1.81,13.31,2.32,7.61,3.39,0.51,1.16,0.05,0.00,0.00,0.00,0.65,0.00,0.19,0.28,0.19,0.00,4.45,0.05,0.00,0.09,0.00,0.00,0.00,0.14,0.00,3.99,0.00,0.19
20160503.BIZARRE spinning toys.1Tx7FgZuV3U.en.txt,1,951,67.44,53.79,59.90,76.33,951.00,17.77,85.59,54.68,13.77,3.47,0.74,0.42,2.00,0.11,0.21,10.30,8.31,15.14,7.57,7.47,7.99,1.26,14.30,5.36,3.89,2.42,0.63,1.79,5.26,4.00,1.26,0.11,0.42,0.21,3.68,0.00,0.00,0.11,0.11,10.52,1.16,2.31,1.37,2.84,0.95,3.15,2.00,0.95,0.32,0.74,2.00,0.53,0.00,0.00,1.37,6.83,0.53,2.10,3.58,1.37,0.32,1.05,12.20,1.26,18.93,4.84,10.83,4.31,2.52,1.26,0.11,0.11,0.00,0.00,0.84,0.00,0.21,0.21,0.42,0.00,3.15,0.00,0.00,0.21,0.00,0.00,0.00,0.32,0.00,2.63,0.00,0.00
20170202.The Boat_Rock Brainteaser ft Simone Giertz part 2_3.ri49dTluKPU.en.txt,1,1113,47.48,58.52,74.16,69.79,1113.00,16.53,88.41,54.18,15.99,10.42,4.85,0.27,4.04,0.09,1.17,5.39,9.70,9.79,10.42,5.21,7.73,1.98,17.88,6.20,6.20,0.99,2.07,2.07,3.77,3.05,0.72,0.18,0.00,0.27,9.07,0.09,0.18,0.27,0.09,12.04,2.79,2.07,1.08,3.41,0.90,4.40,2.96,0.54,0.27,1.53,0.81,0.18,0.09,0.00,0.36,7.19,1.08,0.27,3.77,1.89,0.36,1.89,13.57,1.53,14.02,3.77,8.00,2.70,1.17,1.35,0.00,0.18,0.00,0.00,3.05,0.00,0.18,2.61,0.27,0.00,4.85,0.00,0.00,0.18,0.00,0.00,0.00,0.09,0.00,4.40,0.00,0.18
20160907.Q&A with Dianna on Physics Girl.wCVSGskmdbc.en.txt,1,1835,26.21,44.15,81.98,80.94,1835.00,17.00,92.70,58.96,19.35,11.66,7.47,0.71,2.51,0.49,0.49,7.68,5.07,12.26,11.34,6.32,8.28,1.91,19.35,4.41,2.83,2.40,1.14,2.62,4.69,3.87,0.82,0.22,0.22,0.11,9.48,0.22,0.44,0.49,0.44,17.87,4.63,1.96,2.51,6.05,1.85,4.74,2.34,1.63,0.33,0.38,0.38,0.11,0.00,0.00,0.16,5.61,1.91,0.93,1.36,1.47,0.11,3.65,13.24,1.20,12.64,1.47,6.98,4.41,4.20,2.13,0.16,0.00,0.00,0.00,0.71,0.05,0.27,0.27,0.22,0.00,3.49,0.00,0.00,0.11,0.05,0.00,0.00,0.27,0.00,2.89,0.00,0.16
20180331.What stretching actually does to your body ft. Sofie Dossi.1JgBp7dX4AU.en.txt,1,1385,47.14,61.10,55.81,88.31,1385.00,20.22,86.28,53.21,15.02,8.09,3.18,0.58,3.25,0.72,0.36,6.93,6.35,12.78,10.11,6.86,8.09,1.01,15.09,5.27,3.90,3.18,1.66,4.19,4.84,4.26,0.58,0.00,0.00,0.14,7.00,0.00,0.00,1.01,0.07,11.70,2.74,1.81,0.72,2.74,1.01,3.83,2.89,0.65,0.22,1.95,3.61,2.82,1.73,0.00,0.14,4.98,0.79,0.94,1.73,1.88,0.07,2.24,11.70,1.88,13.57,1.73,7.08,5.20,2.45,1.16,0.14,0.14,0.00,0.14,1.73,0.00,0.22,1.23,0.22,0.00,4.04,0.00,0.00,0.14,0.00,0.00,0.00,0.07,0.00,3.54,0.00,0.29
20170713.This phenomenon only happens in Hawaii . . . and Cuba & Nigeria & Indonesia & Peru & Sudan & Laos &….qFOX3AO2FjE.en.txt,1,629,85.14,58.18,70.12,55.76,629.00,18.28,80.92,50.08,9.06,3.34,0.79,0.00,2.38,0.00,0.16,5.56,10.17,13.67,7.00,5.41,7.31,1.43,12.72,2.70,1.43,2.38,2.54,0.64,2.54,2.07,0.48,0.00,0.00,0.32,4.77,0.00,0.00,0.32,0.00,10.65,0.79,1.59,1.27,3.97,2.70,2.86,1.75,1.11,0.32,0.32,1.11,0.00,1.11,0.00,0.00,2.70,0.64,0.48,0.64,1.11,0.00,1.27,11.92,0.48,20.99,0.95,10.33,9.70,1.11,0.95,0.16,0.48,0.00,0.16,0.64,0.00,0.00,0.32,0.16,0.00,4.45,0.48,0.00,0.32,0.00,0.00,0.00,0.48,0.00,2.07,0.00,1.11
20170524.MIND-BOGGLING HIKER RIDDLE ft Anne Wojcicki.BnxG0RqP080.en.txt,1,842,39.42,83.79,71.82,97.82,842.00,12.23,92.99,55.46,19.48,14.13,5.46,1.07,5.58,1.54,0.48,5.11,6.18,12.59,9.14,5.82,7.60,1.43,18.41,4.16,3.92,0.83,1.19,2.26,7.24,6.29,0.95,0.00,0.48,0.12,12.83,0.12,0.36,1.66,0.36,12.00,4.04,1.54,0.95,2.14,1.78,2.73,2.85,1.19,0.95,0.71,0.59,0.00,0.00,0.00,0.12,7.60,2.49,1.19,1.78,2.49,0.00,2.49,14.25,1.66,14.73,2.38,8.08,4.28,2.49,1.54,0.00,0.24,0.12,0.00,4.04,0.00,0.24,2.49,1.31,0.00,5.34,0.00,0.00,0.24,0.00,0.00,0.00,0.24,0.00,4.04,0.00,0.83
20151201.Are MRIs safe.hlRpl_GMPPc.en.txt,1,1075,63.57,68.89,39.74,66.28,1075.00,17.49,84.84,54.70,14.79,7.44,1.77,1.21,2.51,0.09,1.86,7.35,7.35,14.23,9.12,5.12,7.44,1.21,15.63,4.28,2.42,2.42,0.56,1.95,4.19,3.16,1.02,0.28,0.19,0.00,7.72,0.09,0.00,0.19,0.00,12.19,2.05,2.88,1.21,3.35,1.40,3.44,4.19,3.16,0.47,0.19,4.56,2.42,1.30,0.00,0.84,4.47,1.30,0.74,1.21,1.02,0.47,2.05,12.19,1.30,13.49,1.77,9.02,2.79,1.95,0.65,0.09,0.37,0.00,0.00,1.02,0.09,0.09,0.37,0.56,0.00,3.53,0.09,0.09,0.19,0.00,0.00,0.00,0.37,0.00,2.79,0.00,0.00
20180815.Can you solve the BOWL RIDDLE ft. Kurt Hugo Schneider Part 1_3.z0JpgEOLezY.en.txt,1,1202,50.19,61.47,52.54,84.47,1202.00,12.31,88.60,53.91,16.14,8.99,3.99,0.50,4.16,0.17,0.17,7.15,7.65,12.06,9.65,5.57,7.49,1.75,16.56,4.74,3.58,1.08,4.24,2.41,4.33,3.83,0.50,0.08,0.17,0.08,7.40,0.00,0.33,0.17,1.25,12.56,3.00,1.66,1.33,2.91,1.75,3.41,2.75,1.25,0.42,1.08,1.41,0.08,0.00,0.00,1.33,5.99,0.58,0.67,3.08,1.75,0.08,2.16,12.65,1.08,12.48,2.16,7.74,2.83,1.41,2.33,0.42,0.00,0.00,0.00,4.08,0.00,0.50,3.08,0.58,0.00,5.07,0.00,0.00,0.17,0.00,0.00,0.00,0.42,0.00,4.16,0.00,0.33
20150421.7 Science Tricks with Surface Tension.WsksFbFZeeU.en.txt,1,569,80.39,43.01,67.51,48.60,569.00,12.48,89.10,53.78,13.71,6.33,3.69,0.18,1.58,0.18,0.70,7.38,12.13,12.65,5.80,4.75,8.44,1.05,13.18,4.92,2.99,1.41,0.70,2.64,4.39,2.81,1.58,0.70,0.53,0.00,4.22,0.00,0.00,0.00,0.18,10.19,1.23,1.58,1.05,4.22,1.23,2.81,3.34,2.28,0.18,0.70,4.39,0.00,0.00,0.18,4.04,5.27,0.35,1.76,2.46,1.41,0.00,2.28,11.25,1.41,17.22,2.64,10.54,4.04,1.93,1.23,0.18,0.18,0.00,0.00,1.76,0.18,0.35,0.70,0.53,0.00,2.99,0.00,0.00,0.35,0.00,0.00,0.00,0.53,0.00,2.11,0.00,0.00
20180214.Can you power a house with a ShakeWeight.Dm1tTSZHj8Y.en.txt,1,1323,57.95,69.37,50.09,92.86,1323.00,15.19,87.07,52.76,16.33,9.52,4.01,3.02,1.81,0.15,0.53,6.80,7.33,13.15,8.39,5.97,6.95,0.98,17.23,3.78,2.27,1.51,3.55,3.33,6.50,5.37,1.13,0.91,0.00,0.15,7.33,0.00,0.15,0.00,0.23,12.24,2.57,4.08,1.36,2.49,1.28,2.12,1.97,0.68,0.38,0.83,0.91,0.23,0.15,0.00,0.53,8.69,3.33,1.66,2.42,1.21,0.15,2.87,13.00,1.59,13.83,3.85,5.74,4.76,2.80,0.38,0.76,0.23,0.00,0.00,2.04,0.00,0.60,0.98,0.45,0.08,5.52,0.60,0.15,0.15,0.00,0.00,0.00,0.15,0.00,4.08,0.00,0.38
20210510.World's Only Moving Mud Puddle.Ek1buV2HA68.en.txt,1,2425,54.58,53.30,63.91,31.39,1212.50,13.36,84.91,58.06,14.52,5.90,2.31,1.36,1.61,0.25,0.37,8.62,9.40,13.44,9.44,8.58,8.00,1.65,17.65,3.22,1.98,1.81,2.06,2.10,3.22,1.73,1.40,0.49,0.16,0.12,5.32,0.08,0.04,0.33,0.21,11.22,2.06,1.77,1.77,2.35,1.24,3.46,1.81,0.95,0.33,0.41,1.28,0.58,0.00,0.00,0.62,6.47,1.69,0.99,1.94,1.40,0.62,4.78,11.38,1.65,17.32,3.09,9.03,5.48,0.82,0.62,0.04,0.12,0.00,0.04,0.99,0.04,0.12,0.16,0.54,0.00,4.16,0.04,0.00,0.08,0.00,0.00,0.00,0.08,0.00,3.96,0.00,0.00
20120424.How the Hippies Saved Physics _ EXPERT ANSWERS PHYSICS GIRL QUESTIONS.iah2GeJgWJk.en.txt,1,1837,55.38,61.37,64.26,88.50,918.50,18.02,89.93,55.96,14.48,6.42,2.40,0.93,1.58,0.44,1.09,8.06,6.37,14.48,8.66,7.57,8.44,0.76,15.30,5.66,2.12,1.91,0.93,2.89,5.44,4.52,0.82,0.11,0.16,0.00,7.78,0.22,0.05,0.11,0.44,14.43,3.59,0.54,0.82,5.72,0.93,4.25,1.80,0.44,0.22,0.87,0.93,0.44,0.22,0.22,0.05,7.78,1.96,1.42,3.05,1.63,0.16,3.59,11.05,1.03,14.21,1.14,7.95,5.28,4.46,0.98,0.33,0.38,0.05,0.16,0.60,0.00,0.05,0.33,0.22,0.00,3.38,0.11,0.00,0.11,0.00,0.00,0.00,0.38,0.00,2.78,0.00,0.00
20170222.Why aren't plants black 🌿.3BRP4wcSCM0.en.txt,1,1117,49.24,54.29,31.36,69.64,1117.00,14.41,88.54,53.18,14.95,5.46,1.70,0.54,2.42,0.00,0.81,9.49,7.88,10.83,10.12,5.64,7.61,1.61,17.37,8.33,3.85,2.06,1.43,3.49,3.04,2.69,0.36,0.00,0.09,0.09,6.27,0.18,0.00,0.09,0.00,17.46,3.58,2.69,2.60,5.46,1.34,4.83,11.28,10.03,0.81,0.36,0.90,0.18,0.18,0.00,0.54,5.01,0.72,1.43,1.16,1.97,0.27,2.06,13.88,0.81,10.56,1.34,5.91,3.31,0.90,0.45,0.27,0.09,0.00,0.00,1.25,0.00,0.27,0.63,0.27,0.00,4.66,0.00,0.00,0.18,0.00,0.00,0.00,0.00,0.00,4.12,0.00,0.36
20180117.How I broke a wine glass with my VOICE (using science!).Oc27GxSD_bI.en.txt,1,1718,43.04,64.54,48.92,48.45,1718.00,16.07,85.56,57.16,18.51,8.44,3.03,0.58,3.78,0.58,0.47,10.07,7.68,11.82,9.95,5.94,7.33,1.16,18.57,4.13,2.62,1.98,0.93,1.57,4.25,2.74,1.51,0.35,0.29,0.35,7.22,0.06,0.17,0.17,0.70,12.22,2.79,1.51,1.92,2.97,1.16,3.67,2.97,0.64,1.63,0.58,0.70,0.17,0.23,0.00,0.29,5.36,0.87,1.69,1.75,1.16,0.41,2.85,12.46,1.75,13.85,2.79,7.33,3.61,1.80,1.57,0.35,0.23,0.00,0.06,1.40,0.00,0.41,0.64,0.23,0.00,4.02,0.00,0.00,0.12,0.00,0.00,0.00,0.12,0.00,3.14,0.00,0.64
20190725.The Hardest Exam I Ever Took at MIT in Physics.Gc8_pN7EiRE.en.txt,1,1893,46.01,66.19,54.38,54.61,1893.00,15.74,90.17,57.42,17.54,9.98,4.54,1.48,3.28,0.11,0.58,7.55,6.97,13.68,10.30,6.81,7.29,1.06,20.81,3.22,3.06,2.01,2.27,2.27,5.12,3.33,1.80,0.11,0.16,0.37,8.14,0.21,0.00,0.42,0.05,13.89,3.70,2.01,2.22,3.91,0.69,3.12,2.75,1.69,0.37,0.63,0.26,0.21,0.00,0.00,0.05,8.51,1.69,1.90,1.37,2.80,1.37,5.34,13.15,1.69,12.63,2.17,6.44,4.07,5.28,0.74,0.05,0.00,0.00,0.00,1.90,0.00,0.48,0.85,0.42,0.05,5.18,0.05,0.00,0.11,0.00,0.00,0.00,0.32,0.00,4.44,0.00,0.26
20190830.What happens when black holes collide _ EXPERT ANSWERS PHYSICS GIRL QUESTIONS.uSzQPAzOoYg.en.txt,1,5070,48.43,69.95,56.18,52.80,5070.00,16.88,85.44,55.92,16.27,6.55,1.40,1.52,3.14,0.06,0.43,9.72,8.05,12.78,9.78,6.67,8.13,1.48,16.88,3.61,2.72,2.37,2.50,1.81,2.45,1.93,0.49,0.02,0.20,0.12,7.24,0.02,0.02,0.06,0.14,13.63,3.41,2.23,1.66,4.00,1.07,3.77,2.98,2.03,0.63,0.30,0.57,0.36,0.12,0.02,0.10,4.42,1.76,0.81,0.91,0.95,0.10,2.52,12.72,1.07,15.07,1.99,8.64,4.50,0.99,0.57,0.12,0.12,0.02,0.12,2.25,0.02,0.22,1.64,0.39,0.00,4.69,0.04,0.02,0.04,0.00,0.00,0.00,0.30,0.00,4.06,0.00,0.24
"20200910.Trig Review for Physics - Common Math Tools - Physics 101, AP Physics 1 Review with Physics Girl.2E_O_CR9FA8.en.txt",1,2136,61.26,50.19,49.83,52.09,237.33,12.87,80.76,52.76,14.51,8.10,4.35,1.59,1.26,0.56,0.33,6.41,8.71,12.59,9.13,5.01,8.80,0.80,16.15,4.03,2.34,1.36,8.52,1.87,2.25,1.83,0.42,0.00,0.05,0.00,5.20,0.00,0.14,0.47,0.14,10.02,2.20,2.90,1.31,1.73,0.89,2.86,2.86,2.25,0.37,0.23,0.33,0.19,0.09,0.00,0.05,6.04,1.78,0.70,2.62,0.75,0.23,1.22,13.62,1.50,13.44,1.92,8.57,2.86,1.26,0.42,0.05,0.00,0.00,0.00,0.94,0.00,0.33,0.28,0.23,0.00,5.38,0.37,0.00,0.09,0.00,0.00,0.00,0.19,0.00,4.54,0.00,0.19
20150330.Special Relativity and the Twin Paradox.ERgwVm9qWKA.en.txt,1,1026,46.37,91.06,69.58,18.58,1026.00,15.01,84.70,53.51,15.89,10.23,0.29,1.07,6.53,2.34,0.00,5.65,6.53,12.38,9.65,6.34,7.80,1.46,17.15,7.02,5.07,1.56,3.70,1.46,2.44,0.97,1.46,0.10,0.29,0.00,11.11,0.00,0.00,2.34,0.00,10.62,2.53,2.14,1.17,1.95,0.88,3.41,3.02,2.53,0.29,0.49,0.10,0.00,0.10,0.00,0.00,3.22,1.07,0.29,0.58,1.07,0.19,0.49,13.84,1.46,21.35,5.56,7.50,9.94,0.97,0.58,0.19,0.00,0.00,0.00,0.68,0.10,0.10,0.29,0.19,0.00,4.78,0.00,0.29,0.19,0.00,0.00,0.00,0.10,0.00,3.90,0.00,0.29
20140428.Singing plates - Standing Waves on Chladni plates.wYoxOJDrZzw.en.txt,1,546,65.95,58.68,73.26,42.38,546.00,15.02,84.98,56.59,11.90,6.41,2.56,2.01,1.47,0.00,0.37,5.49,10.44,12.64,9.16,7.88,8.06,1.28,17.58,4.76,3.11,2.56,1.10,3.11,2.38,1.65,0.73,0.18,0.18,0.00,6.23,0.00,0.00,0.00,0.00,10.99,0.73,1.47,2.01,2.75,2.01,3.66,3.30,2.01,0.37,0.92,0.18,0.00,0.00,0.18,0.00,5.49,2.38,0.55,1.28,1.65,0.00,2.93,12.27,0.92,19.78,4.95,13.00,3.11,1.28,0.55,0.00,0.00,0.00,0.18,0.73,0.00,0.00,0.55,0.18,0.00,3.66,0.00,0.00,0.37,0.00,0.00,0.00,0.00,0.00,3.30,0.00,0.00
"20200804.Dianna's Intro Physics Class - Trailer - Physics 101, AP Physics 1 Review with Physics Girl.GOuZkYDQjpc.en.txt",1,821,48.26,79.96,51.29,32.03,821.00,18.51,85.75,53.47,16.81,7.31,2.44,3.17,1.34,0.12,0.24,9.50,5.60,13.03,8.65,5.36,9.01,0.37,17.66,3.90,1.83,2.92,0.97,2.31,2.31,1.34,0.97,0.00,0.24,0.24,9.38,0.00,0.12,0.12,0.00,11.45,3.41,1.71,1.34,3.05,1.58,2.44,2.19,1.58,0.49,0.12,0.97,0.00,0.85,0.00,0.00,9.14,4.63,0.61,1.83,1.83,0.37,2.56,12.79,4.26,14.37,2.56,7.67,4.38,4.99,0.24,0.00,0.12,0.00,0.00,0.37,0.24,0.12,0.00,0.00,0.00,4.63,0.12,0.00,0.24,0.00,0.00,0.00,0.00,0.00,4.26,0.00,0.00
20161006.How do touchscreens work.WdS4JU17HRs.en.txt,1,1139,68.67,83.73,36.72,68.83,1139.00,18.88,78.23,50.40,13.52,6.23,0.88,0.09,4.74,0.00,0.53,7.29,7.02,14.14,6.58,6.23,7.81,1.14,11.50,5.09,2.37,2.90,4.83,3.95,2.63,2.46,0.18,0.00,0.00,0.18,9.83,0.09,0.00,0.09,0.00,9.48,1.49,2.63,0.18,1.58,1.32,2.81,5.79,1.58,2.19,1.76,1.05,0.79,0.09,0.00,0.18,4.65,0.79,0.35,2.46,1.05,0.09,1.05,10.10,0.97,13.96,2.02,8.78,3.25,1.23,0.53,0.09,0.18,0.00,0.00,0.61,0.00,0.35,0.18,0.09,0.00,3.34,0.00,0.09,0.18,0.00,0.00,0.00,0.18,0.00,2.72,0.00,0.18
20200320.HOME CHALLENGE - 20 Easy Experiments in 5 mins for Bored Adults and Kids at School Inside.8aaXZDazPxs.en.txt,1,1173,49.21,56.78,65.30,88.97,1173.00,11.94,88.24,54.48,19.10,10.66,5.46,1.36,2.73,0.00,1.11,8.44,7.08,12.45,9.55,4.52,6.39,1.19,19.01,4.01,1.71,1.11,2.13,2.22,5.63,4.69,0.94,0.43,0.00,0.43,7.08,0.00,0.00,0.17,0.09,9.04,0.94,2.05,1.36,2.47,0.94,2.81,3.41,1.28,0.26,1.62,2.73,0.60,0.00,0.00,1.79,9.04,1.96,1.88,2.47,2.81,0.43,2.81,14.66,2.47,15.52,3.75,7.93,4.26,1.53,0.51,0.51,0.09,0.17,0.00,5.20,0.00,1.53,2.05,1.28,0.09,5.97,0.09,0.00,0.17,0.00,0.00,0.00,0.51,0.00,5.03,0.00,0.17
20210608.I found a Mud Volcano in California.9Oc1ErVFk1Q.en.txt,1,956,47.10,67.35,77.45,38.81,956.00,13.39,84.21,55.96,15.69,6.59,1.78,1.57,2.20,0.21,0.84,9.10,8.16,12.55,9.52,7.01,9.10,1.36,17.05,3.77,2.09,2.20,2.62,1.26,3.03,1.88,1.15,0.10,0.21,0.21,7.01,0.00,0.00,0.10,0.21,8.58,0.94,1.46,0.94,2.09,0.73,3.14,2.82,1.26,0.84,0.63,1.36,0.94,0.21,0.00,0.21,6.49,1.67,0.63,3.24,0.84,0.31,5.02,9.52,1.67,20.82,4.18,13.08,3.77,0.63,0.63,0.42,0.31,0.00,0.10,0.63,0.00,0.00,0.52,0.10,0.00,4.39,0.10,0.00,0.21,0.00,0.00,0.00,0.21,0.00,3.87,0.00,0.00
20180322.What is a quantum coin toss.UjFkIy1GTlk.en.txt,1,1168,48.21,54.76,38.60,37.91,1168.00,19.43,82.53,53.08,16.18,7.96,3.34,1.37,0.94,1.46,0.86,8.22,7.28,11.64,8.56,5.22,8.99,1.54,17.21,2.40,1.88,2.23,3.17,1.37,3.25,1.97,1.28,0.00,0.51,0.00,7.19,0.00,0.00,1.54,0.17,12.24,1.63,2.65,2.23,3.60,1.37,3.42,2.57,1.46,1.03,0.09,0.17,0.17,0.00,0.00,0.00,5.31,1.54,1.20,1.28,0.94,0.68,1.46,13.36,1.71,14.55,2.74,8.73,3.17,0.86,0.94,0.09,0.34,0.00,0.17,2.05,0.00,0.34,0.86,0.60,0.00,5.39,0.00,0.00,0.17,0.00,0.00,0.00,0.26,0.00,4.45,0.00,0.51
20170511.NEW RESULTS! Cosmic Quantum Bell Test.i6WxIblKVZI.en.txt,1,2012,60.17,68.86,37.48,38.11,2012.00,21.07,81.66,52.78,13.57,5.72,0.99,1.19,1.74,0.80,0.99,7.85,7.26,12.97,9.89,6.06,6.91,1.14,16.45,4.72,2.53,1.84,2.44,2.24,3.48,2.04,1.34,0.10,0.30,0.05,8.10,0.05,0.20,0.20,0.75,15.11,3.38,2.98,1.14,4.32,0.99,3.93,2.24,1.24,0.50,0.35,0.94,0.60,0.30,0.00,0.05,5.17,1.79,1.14,1.59,0.75,0.35,3.93,11.13,0.65,12.72,1.49,7.11,4.17,2.83,0.30,0.05,0.30,0.05,0.20,0.45,0.05,0.10,0.20,0.05,0.05,3.78,0.00,0.00,0.10,0.00,0.00,0.00,0.35,0.00,3.13,0.00,0.20
20161207.Solving crimes with INFRARED.1Un08ziq82Y.en.txt,1,1477,49.12,71.98,36.68,73.78,1477.00,14.69,87.00,53.89,16.52,7.11,1.76,1.90,2.84,0.14,0.47,9.34,5.89,13.88,9.55,7.79,5.89,1.29,18.55,5.69,4.27,2.17,0.34,2.64,3.39,2.98,0.41,0.00,0.07,0.07,7.38,0.07,0.34,0.07,0.20,11.98,1.76,2.57,0.95,2.64,1.76,3.25,10.09,7.45,0.41,1.96,1.02,0.81,0.07,0.00,0.14,5.15,2.23,0.61,1.42,0.88,0.07,1.90,15.50,1.02,13.27,2.44,8.60,2.17,0.34,0.68,0.68,0.00,0.07,0.00,3.93,0.00,0.61,2.10,0.88,0.34,5.35,0.00,0.00,0.14,0.00,0.00,0.00,0.14,0.00,4.67,0.00,0.41
20170503.What weightlessness feels like on Zero-G planes.q1_AJWZajEk.en.txt,1,1649,62.17,63.53,79.55,70.29,1649.00,14.31,86.60,55.31,15.71,8.91,3.64,1.03,3.52,0.18,0.55,6.79,7.40,14.49,7.34,4.91,8.79,1.76,16.62,4.24,2.61,1.88,2.49,2.18,3.94,3.15,0.79,0.24,0.00,0.24,7.76,0.00,0.30,0.00,0.42,10.31,2.18,1.58,1.03,1.82,1.15,3.34,3.46,0.91,0.73,1.52,1.15,0.79,0.24,0.00,0.12,7.22,1.21,1.27,3.76,1.46,0.24,4.55,10.07,1.76,18.01,4.37,9.10,4.79,0.55,1.15,0.12,0.18,0.36,0.06,1.70,0.12,0.06,0.61,0.73,0.06,4.67,0.06,0.06,0.12,0.00,0.00,0.00,0.85,0.00,3.15,0.00,0.42
20141008.What's the difference between a solar and lunar eclipse.rVE8PFYlwSM.en.txt,1,958,83.89,59.90,47.09,55.28,958.00,11.69,82.36,54.07,10.54,4.49,1.04,0.84,2.40,0.00,0.21,6.05,13.36,13.15,8.66,6.37,6.99,1.04,15.45,4.59,2.92,2.82,1.98,2.19,1.77,1.67,0.10,0.00,0.00,0.10,4.70,0.00,0.00,0.00,0.00,10.13,1.46,0.94,2.09,2.51,2.19,3.34,5.53,4.80,0.00,0.63,0.63,0.52,0.00,0.00,0.10,3.13,1.04,0.42,0.94,0.73,0.00,0.63,13.36,1.15,16.81,1.77,8.25,6.58,0.21,0.63,0.21,0.00,0.00,0.00,1.04,0.00,0.21,0.52,0.42,0.00,3.03,0.00,0.00,0.21,0.00,0.00,0.00,0.10,0.00,2.71,0.00,0.00
20170217.Physics Girl Trailer.x4GqoH4belA.en.txt,1,30,89.57,84.14,23.51,84.54,30.00,20.00,83.33,50.00,10.00,6.67,3.33,3.33,0.00,0.00,0.00,3.33,6.67,20.00,3.33,10.00,6.67,0.00,10.00,0.00,0.00,0.00,0.00,3.33,3.33,3.33,0.00,0.00,0.00,0.00,10.00,0.00,0.00,3.33,0.00,3.33,0.00,3.33,0.00,0.00,0.00,0.00,3.33,0.00,3.33,0.00,3.33,0.00,0.00,0.00,3.33,6.67,3.33,0.00,3.33,0.00,0.00,0.00,6.67,3.33,13.33,3.33,6.67,3.33,6.67,6.67,0.00,0.00,0.00,0.00,0.00,0.00,0.00,0.00,0.00,0.00,20.00,0.00,0.00,6.67,0.00,0.00,0.00,0.00,0.00,6.67,0.00,6.67
20141227.How Rainbows Form.xkDhQGXqwCM.en.txt,1,737,79.87,62.76,73.09,37.79,737.00,13.03,88.20,56.31,11.13,3.93,0.27,1.09,2.17,0.00,0.41,7.19,9.50,17.23,7.33,8.55,7.73,1.22,14.65,8.14,4.07,1.76,1.63,2.31,1.49,1.09,0.41,0.00,0.00,0.14,5.70,0.00,0.14,0.00,0.14,10.72,1.22,1.49,1.36,2.44,1.49,4.21,11.67,11.40,0.27,0.00,1.90,0.41,0.00,0.00,1.49,5.97,1.22,0.00,3.66,1.22,0.00,1.90,11.40,1.90,20.35,3.80,12.48,4.48,0.00,0.41,0.14,0.00,0.00,0.00,0.41,0.00,0.00,0.00,0.41,0.00,3.26,0.00,0.00,0.27,0.00,0.00,0.00,0.00,0.00,2.71,0.00,0.27
20170419.Why outlets spark when unplugging - EMF & Inductors.g1Ld8D2bnJM.en.txt,1,1128,62.50,69.33,72.33,79.19,1128.00,20.12,84.49,54.61,16.13,6.47,1.95,0.98,3.28,0.09,0.18,9.49,9.57,12.59,7.62,6.21,7.62,1.06,16.31,2.93,1.42,2.22,0.71,1.86,4.17,3.55,0.62,0.00,0.27,0.09,7.09,0.09,0.09,0.27,0.27,13.12,3.99,4.96,0.89,2.39,0.89,3.28,1.68,1.15,0.18,0.27,0.62,0.18,0.09,0.00,0.27,6.74,1.51,1.15,2.75,1.60,0.35,3.19,12.23,0.98,16.31,3.90,7.89,4.96,1.95,0.89,0.18,0.27,0.09,0.09,0.53,0.00,0.09,0.35,0.00,0.09,4.61,0.00,0.00,0.18,0.00,0.00,0.00,0.27,0.00,3.90,0.00,0.27
20150314.Calculating Pi with Darts.M34TO71SKGk.en.txt,1,805,47.39,68.59,21.54,63.45,805.00,8.45,85.84,54.04,17.02,9.19,3.11,3.73,1.74,0.62,0.00,7.83,6.58,12.80,11.80,5.47,5.47,1.49,18.76,6.09,3.48,2.24,6.21,2.48,3.60,2.73,0.75,0.12,0.25,0.00,6.83,0.00,0.00,0.62,0.00,12.67,1.99,1.61,2.24,4.35,0.99,2.86,2.86,2.73,0.00,0.12,0.37,0.00,0.12,0.00,0.25,8.07,3.98,1.74,0.99,1.37,0.37,1.24,14.66,1.61,11.18,0.87,7.20,3.11,0.00,0.12,0.00,0.50,0.00,0.00,3.85,0.00,1.24,1.49,1.61,0.00,5.34,0.00,0.00,0.25,0.00,0.00,0.00,0.87,0.00,4.10,0.00,0.12
20150908.Can you take perfect 3D photos.pc_LWVS3WR4.en.txt,1,847,64.31,72.64,26.53,59.30,847.00,15.82,85.48,52.66,14.52,7.79,1.65,0.12,4.01,0.83,1.18,6.73,8.38,12.75,8.97,5.55,6.38,1.53,18.65,3.31,1.77,1.89,2.24,2.13,2.72,2.24,0.47,0.00,0.12,0.12,8.62,0.00,0.00,0.12,0.83,12.04,1.42,2.36,1.89,2.36,2.13,3.54,8.97,7.79,0.24,0.47,3.31,3.07,0.00,0.00,0.24,3.19,0.24,1.30,0.94,0.71,0.12,3.42,11.33,0.94,13.34,2.24,7.79,3.31,1.30,2.24,0.00,0.00,0.00,0.12,0.71,0.00,0.00,0.47,0.24,0.00,3.42,0.00,0.00,0.24,0.00,0.00,0.00,0.35,0.00,2.83,0.00,0.00
20190627.I Visited the First Gravitational Wave Detector! LIGO _ STELLAR.jtp71NT0GNg.en.txt,1,1474,73.05,69.22,51.56,51.14,1474.00,20.28,82.02,53.26,12.69,5.43,0.75,1.63,1.63,0.14,1.29,7.26,9.09,13.57,7.53,6.92,6.92,0.95,13.23,4.27,2.31,1.76,2.85,1.90,2.85,2.10,0.75,0.07,0.34,0.07,7.06,0.00,0.00,0.07,0.20,11.40,1.56,2.37,1.29,1.83,1.76,3.60,3.12,2.24,0.47,0.20,0.88,0.47,0.41,0.00,0.00,5.77,1.83,1.36,1.42,1.02,0.34,3.26,9.23,1.02,16.76,2.37,10.04,4.68,1.22,0.41,0.61,0.00,0.00,0.07,0.88,0.00,0.14,0.54,0.20,0.00,3.12,0.00,0.14,0.14,0.00,0.00,0.00,0.27,0.00,2.58,0.00,0.00
20201216.Elastic and Inelastic Collisions - Physics 101 _ AP Physics 1 Review with Dianna Cowern.xSAnySixRjA.en.txt,1,4108,68.77,67.89,55.04,58.00,4108.00,15.92,82.74,52.97,12.46,5.57,1.05,1.95,1.63,0.07,0.88,6.86,8.98,13.51,7.67,6.23,9.27,0.95,13.80,5.45,3.85,1.68,4.38,3.14,3.41,2.56,0.85,0.12,0.17,0.19,6.04,0.00,0.05,0.05,0.02,9.23,1.78,1.39,1.22,2.29,1.14,2.97,1.12,0.46,0.32,0.29,0.44,0.22,0.02,0.02,0.17,5.82,2.43,1.00,1.05,0.93,0.46,1.63,10.44,1.73,17.26,2.78,8.30,6.16,1.27,2.12,0.02,0.02,0.00,0.00,0.68,0.00,0.17,0.32,0.15,0.05,3.16,0.00,0.00,0.05,0.00,0.00,0.00,0.10,0.00,2.97,0.00,0.05
20180809.The Projector Illusion _  EVERYDAY MYSTERIES.Xp6bxCh_p7c.en.txt,1,1470,29.13,79.48,70.03,36.54,1470.00,13.81,91.56,56.46,18.98,9.93,2.45,0.88,5.99,0.07,0.54,9.05,5.78,11.50,9.18,7.01,9.39,1.36,21.43,4.63,2.31,2.04,1.36,1.09,2.11,1.36,0.75,0.00,0.20,0.14,9.93,0.00,0.14,0.27,0.07,14.29,2.38,2.11,1.63,5.03,1.56,4.69,12.04,10.95,0.34,0.27,2.59,2.11,0.20,0.07,0.20,4.22,1.22,1.22,0.88,0.68,0.54,3.27,13.33,1.70,16.33,3.81,7.21,6.12,1.97,1.16,0.14,0.00,0.07,0.07,0.95,0.07,0.27,0.41,0.07,0.00,5.10,0.00,0.00,0.14,0.00,0.00,0.00,0.07,0.00,4.49,0.00,0.41
20180924.We Turned this Truck into a GIANT CAMERA!.qIp9kItDUh8.en.txt,1,1239,74.19,81.92,45.09,73.95,1239.00,12.27,89.67,58.27,15.33,7.59,1.13,2.02,3.87,0.00,0.56,7.75,11.78,14.12,7.91,5.89,7.59,1.05,15.66,4.44,2.99,2.02,0.40,2.34,2.74,2.66,0.08,0.00,0.08,0.00,8.47,0.00,0.16,0.08,0.16,13.80,1.29,3.95,1.86,3.63,1.69,2.99,7.10,6.46,0.24,0.32,0.97,0.97,0.16,0.00,0.00,7.02,2.50,1.69,2.42,1.05,0.00,3.23,9.93,1.05,16.71,1.61,12.03,3.63,1.29,1.45,0.00,0.00,0.00,0.00,1.78,0.08,0.65,0.81,0.16,0.00,4.20,0.00,0.00,0.16,0.00,0.00,0.00,0.73,0.00,2.99,0.00,0.32
20160607.World’s Easiest DIY Electric Train.9k7zywli4Vg.en.txt,1,986,39.86,47.16,83.21,73.16,986.00,14.20,86.11,56.49,17.04,7.30,3.55,1.12,2.23,0.00,0.41,9.74,8.22,11.26,9.84,6.90,8.32,1.93,19.78,5.27,4.06,1.42,2.43,2.13,4.36,3.45,0.91,0.20,0.10,0.10,5.68,0.00,0.00,0.00,0.10,12.58,2.23,1.93,1.42,2.64,1.62,4.26,1.93,0.41,0.20,1.22,0.30,0.10,0.20,0.00,0.00,6.09,1.52,1.42,1.83,1.52,0.30,2.74,12.98,3.14,18.15,4.56,10.34,3.65,0.51,0.61,0.00,0.00,0.00,0.00,3.04,0.00,0.91,1.01,0.91,0.20,5.07,0.00,0.00,0.20,0.00,0.00,0.00,0.41,0.00,4.46,0.00,0.00
20200804.1D Motion & Kinematics - Physics 101 _ AP Physics 1 Review with Dianna Cowern.O97lI8FVEas.en.txt,1,4187,40.85,68.26,63.82,40.84,1046.75,15.00,84.33,54.12,17.79,10.44,3.75,2.20,2.15,2.10,0.24,7.36,6.81,11.18,9.67,6.42,7.21,1.07,17.17,3.58,2.13,2.65,4.73,2.34,2.46,1.65,0.81,0.07,0.14,0.10,8.41,0.02,0.14,2.10,0.10,11.13,2.41,2.34,2.01,2.60,0.81,3.13,2.05,1.24,0.41,0.29,0.31,0.17,0.00,0.00,0.12,6.07,2.51,0.64,1.39,1.00,0.67,2.56,13.59,1.77,17.94,3.73,8.88,5.59,1.96,1.12,0.05,0.05,0.00,0.00,0.72,0.05,0.05,0.21,0.29,0.02,4.32,0.07,0.00,0.05,0.00,0.00,0.00,0.12,0.00,3.99,0.00,0.10
20190912.The Surprising Ways Mars is Hostile to Life.e_lhfFKF-G0.en.txt,1,1952,53.80,64.97,55.45,54.71,1952.00,15.22,82.38,56.76,13.93,5.74,1.02,2.56,1.23,0.31,0.61,8.15,6.81,15.32,9.22,8.45,8.45,1.69,15.93,4.66,2.46,2.20,1.69,2.36,3.18,2.36,0.82,0.05,0.15,0.15,5.99,0.05,0.05,0.36,0.10,13.27,2.87,2.97,1.33,3.28,0.87,3.18,2.46,0.87,0.05,1.49,0.87,0.36,0.41,0.00,0.05,7.12,2.72,1.02,2.31,0.87,0.20,1.64,13.58,1.13,16.39,2.25,10.19,4.20,0.72,0.51,0.15,0.00,0.05,0.15,0.92,0.05,0.41,0.15,0.31,0.00,4.51,0.00,0.10,0.10,0.00,0.00,0.00,0.15,0.00,3.84,0.00,0.31
20191025.Most People Don’t Know Wine Moves Like This _ EVERYDAY MYSTERY.5Q_6--XsIgA.en.txt,1,1840,53.18,62.58,70.23,19.29,1840.00,16.47,88.91,56.79,15.43,6.63,2.12,1.14,2.61,0.22,0.54,8.80,9.35,12.45,8.64,7.39,8.59,1.58,17.07,5.00,3.32,2.01,0.54,1.90,6.20,2.88,3.32,1.20,0.05,1.36,7.23,0.00,0.05,0.11,0.22,11.52,2.66,2.55,0.98,1.90,0.82,4.08,2.39,1.63,0.27,0.33,3.64,0.27,0.76,0.00,3.10,5.54,1.41,1.25,2.17,1.14,0.16,3.70,11.47,2.45,16.52,3.59,8.91,4.24,1.90,2.83,0.05,0.00,0.00,0.00,1.90,0.00,0.54,0.98,0.27,0.05,4.29,0.00,0.00,0.11,0.00,0.00,0.00,0.16,0.00,3.91,0.00,0.11
20161103.5 cool math tricks ft. Technicality.-88ptUOMCBA.en.txt,1,1391,44.78,55.14,46.11,71.64,1391.00,12.65,82.53,51.83,17.04,9.63,4.82,0.58,3.59,0.36,0.29,7.40,5.54,12.08,8.77,5.03,8.91,0.65,15.96,5.97,3.59,1.22,10.06,3.16,4.74,3.59,1.15,0.00,0.93,0.07,6.69,0.00,0.22,0.07,0.36,12.01,2.23,2.01,1.65,3.24,0.79,4.10,3.02,1.51,0.22,1.29,1.01,0.86,0.07,0.00,0.00,5.54,1.37,0.79,1.37,2.01,0.14,3.09,11.93,1.29,11.29,1.51,5.97,3.95,2.01,1.15,0.00,0.43,0.00,0.00,2.23,0.00,0.36,1.51,0.50,0.00,4.46,0.00,0.00,0.14,0.07,0.00,0.00,0.07,0.00,3.52,0.00,0.65
20171026.STRANGE Sand Acts Like Liquid.odl6NK0FDnY.en.txt,1,1039,76.83,70.52,20.13,50.95,1039.00,19.35,81.14,51.78,12.61,6.45,1.64,1.35,2.31,0.10,1.06,6.16,8.95,13.86,7.31,5.29,7.31,0.96,13.38,4.14,3.66,1.54,0.67,1.73,4.62,2.98,1.64,0.29,0.00,0.58,6.83,0.10,0.00,0.19,0.19,10.59,2.02,2.60,1.92,1.73,0.96,2.50,4.14,1.15,0.67,2.21,1.35,0.29,0.10,0.00,0.77,6.45,1.64,1.44,2.50,1.06,0.67,3.66,8.37,1.44,11.84,2.02,7.60,2.31,2.60,1.44,0.58,0.48,0.00,0.00,2.12,0.00,0.48,1.06,0.58,0.19,4.52,0.10,0.00,0.19,0.00,0.00,0.00,0.38,0.00,2.50,0.00,1.35
20160921.5 Science Tricks w_ Explanation.DzVoGhPN8Ag.en.txt,1,1444,56.00,57.16,67.26,72.45,1444.00,14.06,86.63,52.35,14.54,6.93,2.35,0.97,2.35,0.00,1.25,7.62,8.17,12.33,9.14,6.51,7.41,1.73,17.11,5.68,3.95,2.29,2.01,3.19,5.12,3.81,1.32,0.35,0.42,0.35,6.23,0.07,0.21,0.00,0.21,11.50,2.01,2.08,1.18,2.70,1.52,3.53,3.32,0.90,0.21,1.80,1.25,0.07,0.28,0.00,0.97,5.82,1.52,1.73,2.08,1.04,0.00,2.35,12.74,2.01,16.97,2.84,9.56,5.06,1.39,0.55,0.00,0.42,0.00,0.00,5.06,0.14,0.76,2.84,1.52,0.07,4.29,0.00,0.07,0.14,0.00,0.00,0.00,0.07,0.00,3.88,0.00,0.14
20200227.Riddle - How does your reflection flip when you bend a spoon inward.p8oqDwb4zj8.en.txt,1,1669,45.35,81.56,64.61,53.96,1669.00,14.20,86.64,57.94,16.90,8.27,1.26,1.02,5.03,0.12,0.84,8.57,8.21,12.76,8.69,7.49,9.35,1.14,16.84,4.37,2.82,2.22,0.78,1.38,2.94,2.22,0.72,0.24,0.18,0.06,8.63,0.00,0.06,0.18,0.12,10.61,2.46,1.38,1.44,3.42,0.90,3.30,6.05,5.57,0.30,0.18,0.60,0.54,0.00,0.00,0.00,5.33,1.32,0.42,2.34,1.38,0.00,1.62,13.00,2.04,17.80,2.58,11.92,3.89,0.78,0.90,0.18,0.00,0.00,0.00,1.44,0.00,0.24,0.84,0.18,0.06,4.73,0.00,0.00,0.12,0.00,0.00,0.00,0.66,0.00,3.83,0.00,0.12
20201001.Free Body Diagrams - Physics 101 _ AP Physics 1 Review with Dianna Cowern._2Ut8rMdFAQ.en.txt,1,4385,60.84,68.06,45.48,40.08,1461.67,14.48,81.78,53.80,14.28,7.75,2.37,2.71,1.53,0.71,0.43,6.52,8.89,12.84,8.57,6.77,8.28,0.94,16.12,5.36,3.47,1.96,3.88,2.51,3.22,2.01,1.21,0.18,0.09,0.21,6.61,0.00,0.05,0.46,0.25,10.72,1.89,3.44,1.30,1.44,1.09,2.85,1.82,0.73,0.27,0.66,1.32,0.68,0.16,0.00,0.48,8.92,2.90,0.75,3.83,1.16,0.46,2.10,12.18,1.39,15.21,3.28,8.64,3.69,0.96,0.39,0.02,0.68,0.00,0.02,0.78,0.00,0.27,0.32,0.16,0.00,4.38,0.05,0.00,0.05,0.00,0.00,0.00,0.05,0.00,4.20,0.00,0.05
20171201.What do programmers actually do.g4a7_HH9Wbg.en.txt,1,1518,39.06,68.23,33.12,76.83,1518.00,17.98,88.87,57.05,18.12,9.55,4.22,0.20,3.56,0.79,0.79,8.56,6.39,12.65,10.67,6.26,7.91,0.92,18.91,4.15,3.29,2.57,1.05,2.64,3.75,3.23,0.46,0.00,0.07,0.13,9.49,0.13,0.07,0.79,0.46,13.57,2.37,2.96,1.71,3.56,1.12,3.36,3.29,1.65,1.19,0.33,0.72,0.00,0.20,0.26,0.26,5.99,1.12,2.04,1.32,1.84,0.26,4.15,12.45,1.05,10.94,1.84,5.73,3.75,4.87,1.78,0.20,0.13,0.00,0.00,1.12,0.00,0.20,0.46,0.40,0.00,3.36,0.00,0.00,0.13,0.00,0.00,0.00,0.07,0.00,2.77,0.00,0.40
20151208.Are perpetual motion machines possible.4b8ZsFszE8I.en.txt,1,836,78.45,44.30,72.13,55.06,836.00,15.91,81.82,52.03,10.53,3.35,0.84,0.60,1.44,0.00,0.48,7.18,11.72,12.32,6.82,5.74,8.49,2.39,14.23,5.86,4.67,2.03,0.60,2.15,4.19,2.87,1.32,0.72,0.12,0.48,3.95,0.00,0.00,0.00,0.00,11.84,1.32,3.23,1.44,1.79,1.67,4.19,2.15,1.08,0.24,0.84,1.20,0.24,0.00,0.00,0.96,7.89,0.60,2.63,4.31,0.84,0.60,2.39,10.17,1.44,19.62,3.59,10.17,6.82,1.56,0.60,0.36,0.60,0.00,0.00,0.12,0.00,0.00,0.00,0.12,0.00,3.83,0.00,0.00,0.24,0.00,0.00,0.00,0.36,0.00,3.23,0.00,0.00
20210730.What the NEW black hole discovery tells us!.ttM_g3lxST0.en.txt,1,1391,52.76,72.46,58.48,54.19,1391.00,13.23,89.07,57.80,16.46,6.47,1.15,1.94,2.73,0.14,0.50,9.92,8.05,15.17,9.63,8.05,7.69,1.37,17.61,4.53,3.67,2.16,1.08,2.08,2.66,2.08,0.58,0.00,0.07,0.00,7.69,0.00,0.14,0.00,0.22,12.15,1.65,2.73,1.37,3.24,0.86,3.81,7.19,6.61,0.29,0.29,0.14,0.00,0.07,0.00,0.07,5.82,2.52,1.08,1.15,1.01,0.07,2.80,11.79,2.37,17.18,2.73,10.71,3.95,0.43,0.36,0.00,0.00,0.00,0.00,1.44,0.07,0.36,0.72,0.29,0.00,6.40,0.00,0.00,0.14,0.00,0.00,0.00,1.01,0.00,5.10,0.00,0.14
20180706.Ice Diamond Riddle SOLUTION ft. Vsauce's Michael Stevens.E1W72yddW64.en.txt,1,1256,61.89,56.33,54.36,62.02,1256.00,13.77,84.24,56.45,15.21,6.13,2.63,0.72,2.15,0.40,0.24,9.08,9.32,13.06,9.08,7.09,6.93,0.80,15.92,4.06,3.34,2.95,0.64,1.99,3.03,2.47,0.56,0.08,0.08,0.16,5.57,0.00,0.16,0.32,0.56,10.83,3.58,1.51,1.19,1.83,1.04,3.42,3.50,1.83,0.32,1.35,3.03,0.00,0.00,0.00,3.03,4.46,0.88,0.64,2.15,0.88,0.16,3.03,11.46,1.43,13.61,1.91,7.88,3.98,1.19,1.59,0.16,0.08,0.08,0.00,2.55,0.00,0.40,1.43,0.88,0.00,3.11,0.00,0.00,0.16,0.00,0.00,0.00,0.24,0.00,2.39,0.00,0.32
20140317.What's in the darkest part of the sky The Hubble Deep Field.acOrkvsZMUI.en.txt,1,465,67.97,68.18,61.78,49.81,465.00,15.27,84.09,54.41,12.47,6.24,1.08,1.29,2.58,0.00,1.29,6.24,9.25,13.12,9.68,6.88,6.67,1.08,13.55,5.38,2.58,0.86,5.59,3.44,2.37,1.72,0.43,0.22,0.22,0.00,6.67,0.00,0.00,0.43,0.00,10.75,1.51,0.86,2.58,3.23,1.94,3.66,3.01,2.58,0.43,0.00,0.00,0.00,0.00,0.00,0.00,4.30,1.29,1.08,1.72,0.43,0.22,3.66,8.82,0.86,19.14,0.86,12.90,5.59,2.15,0.00,0.00,0.00,0.00,0.00,0.65,0.00,0.00,0.43,0.22,0.00,1.94,0.00,0.22,0.43,0.00,0.00,0.00,0.00,0.00,1.29,0.00,0.00
20140909.The Physics of Weightless Flight ft Emily Calandrelli.7v-viGyoZAU.en.txt,1,1035,48.85,86.68,85.85,45.28,1035.00,16.43,89.95,59.81,17.00,10.72,1.74,0.10,8.60,0.10,0.19,6.28,7.73,15.85,10.05,7.54,7.73,2.61,18.94,4.25,4.44,2.22,1.06,2.03,3.96,2.51,1.45,0.29,0.10,0.00,11.88,0.00,0.00,0.29,0.00,15.85,3.77,2.32,2.22,3.48,1.26,4.93,3.77,0.97,0.19,2.42,1.06,0.39,0.68,0.00,0.00,4.44,0.29,0.48,2.51,1.16,0.19,1.64,15.36,0.87,19.32,3.86,11.69,3.96,0.29,0.77,0.39,0.39,0.29,0.00,1.16,0.19,0.10,0.68,0.19,0.00,6.57,0.00,0.00,0.19,0.00,0.00,0.00,0.29,0.00,6.09,0.00,0.00
20170810.Craziest eclipses in the solar system.nlwvShR12VM.en.txt,1,875,82.05,54.99,57.01,58.20,875.00,16.80,77.71,48.00,10.17,3.77,1.49,0.91,1.14,0.00,0.23,6.40,8.69,14.06,7.77,5.26,6.74,0.91,13.94,5.03,2.86,1.49,3.43,2.86,2.17,1.94,0.23,0.00,0.00,0.11,3.54,0.00,0.00,0.34,0.00,9.83,1.49,1.71,0.57,2.29,2.40,1.94,4.23,3.09,0.91,0.23,0.23,0.00,0.23,0.00,0.00,5.14,1.26,0.69,1.71,1.71,0.11,1.26,11.43,1.03,17.71,0.80,11.20,5.60,0.57,0.69,0.00,0.11,0.00,0.00,0.80,0.00,0.00,0.57,0.11,0.11,4.46,0.00,0.00,0.23,0.00,0.00,0.00,0.23,0.00,3.20,0.00,0.80
20180301.What is the MAGIC RUSSIAN DIAMOND.0bS7p3e6Lb4.en.txt,1,1498,54.52,67.02,19.41,63.74,1498.00,21.09,78.77,54.94,14.82,6.68,2.07,1.00,1.94,0.20,1.47,8.14,6.88,13.95,9.81,6.28,8.54,0.73,16.42,4.21,3.54,1.34,1.47,2.20,2.67,2.34,0.33,0.00,0.00,0.07,7.34,0.27,0.20,0.13,0.47,10.48,1.74,1.94,1.34,1.67,1.94,3.07,3.47,2.60,0.40,0.40,0.27,0.13,0.07,0.00,0.00,4.67,1.74,0.53,1.34,1.13,0.20,3.54,11.62,1.00,10.48,1.80,6.28,2.54,1.80,0.93,0.13,0.27,0.00,0.00,0.80,0.00,0.27,0.27,0.27,0.00,4.34,0.00,0.00,0.13,0.00,0.00,0.00,0.33,0.00,3.54,0.00,0.33
20170614.This crystal can split light particles.2Ut0F4a9dQk.en.txt,1,1174,53.64,66.19,31.71,84.40,1174.00,19.59,81.60,53.07,14.40,6.39,2.13,0.26,3.32,0.00,0.68,8.01,7.07,13.29,9.28,7.33,8.09,0.94,16.78,4.17,1.53,1.36,2.30,2.04,4.00,3.66,0.34,0.00,0.26,0.00,7.50,0.09,0.43,0.09,0.09,11.50,2.30,2.64,1.11,2.13,0.77,3.83,3.15,1.87,0.60,0.51,0.43,0.34,0.00,0.00,0.09,5.37,1.28,1.11,1.53,1.87,0.09,2.04,14.05,1.02,10.99,2.13,7.33,1.53,2.98,0.85,0.09,0.26,0.00,0.00,1.62,0.00,0.43,0.85,0.34,0.00,5.62,0.26,0.00,0.17,0.00,0.00,0.00,0.43,0.00,4.43,0.00,0.34
20141122.Crazy pool vortex.pnbJEg9r1o8.en.txt,1,865,75.15,58.68,60.90,51.75,865.00,12.60,85.78,54.45,12.60,5.78,0.81,1.73,1.97,0.00,1.27,6.82,11.33,12.95,6.94,7.17,7.05,1.97,14.57,4.28,3.24,2.20,2.08,1.62,3.47,2.43,1.04,0.23,0.12,0.23,6.13,0.00,0.00,0.00,0.00,11.91,0.92,2.89,1.39,3.58,1.16,4.74,6.36,3.35,1.85,1.16,2.89,0.00,0.00,0.00,2.89,6.01,2.08,1.50,1.73,0.69,0.12,1.50,12.14,0.81,17.57,4.28,9.60,4.51,0.69,1.16,0.12,0.12,0.00,0.35,1.27,0.12,0.12,0.69,0.35,0.00,3.12,0.00,0.00,0.23,0.00,0.00,0.00,0.00,0.00,2.66,0.00,0.23
20160219.Gravitational Waves Discovered for the First Time!.HrduBZ319XI.en.txt,1,773,71.65,68.84,79.17,52.46,773.00,20.31,83.57,52.78,12.55,4.79,0.52,2.98,0.65,0.26,0.39,7.76,7.50,15.27,8.28,5.43,8.41,1.03,15.52,4.14,2.59,1.68,2.59,1.29,2.46,1.94,0.52,0.00,0.13,0.13,6.47,0.00,0.00,0.13,0.26,12.03,1.55,2.72,0.91,3.10,1.94,3.62,2.98,1.29,1.29,0.39,1.16,0.52,0.39,0.00,0.13,6.60,3.36,1.55,1.03,0.78,0.00,4.92,9.06,0.78,21.35,2.20,12.55,6.99,2.20,0.65,0.26,0.13,0.00,0.00,0.13,0.00,0.00,0.13,0.00,0.00,3.62,0.00,0.00,0.26,0.00,0.00,0.00,0.52,0.00,2.85,0.00,0.00
20150915.How 3D holograms work.0ics3RVSn9w.en.txt,1,709,77.36,70.90,39.88,65.85,709.00,16.22,82.51,52.33,12.69,5.50,0.28,0.71,3.24,0.00,1.27,7.19,10.44,12.98,7.19,6.21,6.63,1.13,14.67,6.77,4.23,1.97,1.41,2.54,3.24,2.68,0.56,0.14,0.14,0.00,7.62,0.00,0.00,0.00,0.00,12.69,2.40,2.12,1.13,2.12,1.69,4.65,7.76,7.19,0.00,0.42,0.14,0.14,0.00,0.00,0.00,3.67,1.27,1.27,0.56,0.56,0.00,1.55,11.42,0.71,13.26,2.40,8.46,2.96,0.28,1.27,0.14,0.00,0.00,0.28,0.99,0.00,0.28,0.28,0.42,0.00,3.24,0.00,0.00,0.28,0.00,0.00,0.00,0.14,0.00,2.82,0.00,0.00
20170921.My Path into Physics (at MIT).n2RhC4JNS7M.en.txt,1,2470,35.49,42.92,63.54,82.88,2470.00,17.13,91.01,59.15,18.87,11.30,7.04,0.81,2.06,0.32,1.05,7.57,5.10,13.64,10.85,6.11,7.61,1.46,19.84,3.52,3.97,1.50,1.17,1.98,4.66,3.93,0.73,0.16,0.04,0.28,7.98,0.20,0.00,0.28,0.40,13.08,3.08,1.26,1.86,3.52,0.89,4.13,2.06,0.97,0.24,0.73,0.85,0.12,0.28,0.04,0.24,6.60,1.78,1.42,2.11,1.58,0.20,7.69,9.11,1.62,11.01,1.98,5.75,3.40,6.28,1.01,0.20,0.08,0.04,0.00,2.11,0.00,0.61,0.97,0.49,0.00,3.04,0.00,0.00,0.08,0.00,0.00,0.00,0.24,0.00,2.55,0.00,0.16
20190823.Why are there giant concrete tunnels in the desert.DjcS1kRkc6M.en.txt,1,2073,61.84,72.18,67.27,45.26,2073.00,16.02,83.98,54.94,14.91,6.80,1.54,1.78,1.88,0.10,1.50,8.10,7.91,13.84,8.78,6.85,6.95,1.01,15.53,4.25,2.22,2.27,3.96,1.83,2.22,1.64,0.58,0.10,0.10,0.05,7.38,0.00,0.05,0.05,0.10,9.31,2.07,2.41,1.30,1.74,0.68,2.56,2.56,1.45,0.63,0.48,1.16,0.77,0.29,0.00,0.10,5.98,2.03,1.30,1.93,0.82,0.14,2.75,11.34,1.25,18.91,2.94,10.71,5.55,0.72,0.39,0.24,0.00,0.10,0.00,1.21,0.05,0.39,0.43,0.19,0.05,3.96,0.05,0.14,0.10,0.05,0.00,0.00,0.29,0.00,3.09,0.00,0.24
20160112.5 AMAZING stars we’ve discovered in space!.xyXpQxz7BOs.en.txt,1,1070,82.87,63.53,35.59,55.74,1070.00,19.44,74.21,46.64,10.28,3.46,0.28,1.12,1.40,0.19,0.47,6.82,8.97,12.90,7.94,4.30,6.07,0.93,12.52,8.22,4.77,1.12,5.51,1.87,2.34,1.96,0.37,0.00,0.09,0.28,4.77,0.28,0.37,0.47,0.00,10.09,1.68,1.03,1.87,2.52,1.12,2.62,3.46,2.52,0.09,0.93,0.65,0.28,0.28,0.00,0.09,5.05,1.50,0.65,2.80,0.09,0.00,2.80,8.88,0.56,16.26,1.21,9.63,5.70,0.84,0.28,0.00,0.28,0.00,0.09,0.28,0.00,0.00,0.09,0.19,0.00,3.74,0.09,0.09,0.37,0.00,0.00,0.00,0.84,0.00,2.24,0.00,0.09
20151020.AMAZING! Ferrofluid + Glow Sticks.RtBtD0_KZ9o.en.txt,1,653,86.25,53.06,34.01,63.52,653.00,16.69,77.79,55.13,11.49,3.37,1.23,0.46,1.07,0.15,0.46,8.12,12.71,13.94,6.58,4.59,8.88,0.77,13.63,3.68,3.06,1.99,0.92,0.77,2.91,2.45,0.46,0.15,0.00,0.00,3.22,0.00,0.00,0.00,0.15,8.12,0.77,2.14,1.99,2.14,0.61,1.99,1.84,1.07,0.00,0.46,0.46,0.00,0.00,0.00,0.46,5.21,1.07,1.68,2.14,0.46,0.00,1.84,10.26,1.38,16.69,3.98,9.49,3.83,0.61,0.77,0.31,0.00,0.00,0.00,0.15,0.00,0.00,0.15,0.00,0.00,1.84,0.00,0.00,0.31,0.00,0.00,0.00,0.15,0.00,1.38,0.00,0.00
20121019.What can you do with a physics degree Take 2.Bu3pYKKqRS8.en.txt,1,731,53.18,64.93,50.45,80.36,731.00,21.75,85.91,53.76,16.14,9.03,3.83,0.14,4.92,0.00,0.14,7.11,6.29,12.86,10.12,4.51,6.70,1.50,16.83,4.38,3.28,2.19,2.19,2.60,3.42,3.15,0.14,0.00,0.00,0.14,8.48,0.14,0.14,0.27,0.14,13.68,3.28,1.78,2.19,3.97,0.82,4.38,1.64,1.09,0.27,0.00,1.09,0.00,0.41,0.14,0.14,5.06,0.41,0.82,2.60,1.50,0.00,2.05,13.68,1.50,11.76,2.33,6.43,3.01,8.76,1.37,0.00,0.00,0.00,0.00,0.96,0.00,0.00,0.55,0.41,0.00,4.38,0.00,0.00,0.27,0.00,0.00,0.00,0.27,0.00,3.42,0.00,0.41
20131229.How to float a ping pong ball on air - The Coandă Effect.kR2Oi3XCX18.en.txt,1,265,92.91,58.94,95.12,11.21,265.00,11.32,87.92,52.45,9.43,3.40,0.75,2.26,0.38,0.00,0.00,6.04,14.72,12.83,6.42,4.53,6.79,0.75,14.72,1.13,0.75,1.89,1.13,0.75,1.89,0.38,1.51,0.75,0.00,0.75,4.53,0.00,0.00,0.00,0.00,9.06,1.89,4.15,1.89,3.02,0.38,3.40,1.13,1.13,0.00,0.00,0.00,0.00,0.00,0.00,0.00,4.91,2.26,0.75,2.26,0.00,0.00,1.13,12.83,0.75,26.79,8.68,16.23,2.64,0.75,4.91,0.38,0.00,0.00,0.00,0.38,0.00,0.00,0.00,0.00,0.00,3.40,0.00,0.00,0.75,0.00,0.00,0.00,1.13,0.00,1.51,0.00,0.00